File Name,Class Directory,Predicted Label,Reason,Confidence
images - 2024-03-16T151047.325_cropped_1.png,martensite_microstructure_img_cropped_v3_manualy_cleaned_yolo,pearlite_microstructure_img_cropped_V3_cleaned_yolo,Incorrect Prediction,0.5894
images - 2024-03-16T151043.809_cropped_11.png,martensite_microstructure_img_cropped_v3_manualy_cleaned_yolo,pearlite_microstructure_img_cropped_V3_cleaned_yolo,Incorrect Prediction,0.9640
images - 2024-03-16T151044.634_cropped_1.png,martensite_microstructure_img_cropped_v3_manualy_cleaned_yolo,pearlite_microstructure_img_cropped_V3_cleaned_yolo,Incorrect Prediction,0.7828
images - 2024-03-16T151052.358_cropped_1.png,martensite_microstructure_img_cropped_v3_manualy_cleaned_yolo,pearlite_microstructure_img_cropped_V3_cleaned_yolo,Incorrect Prediction,0.7610
images - 2024-03-16T151055.567_cropped_1.png,martensite_microstructure_img_cropped_v3_manualy_cleaned_yolo,Martensite_microstructure_img_cropped_V3_manualy_cleaned_yolo,Low Confidence,0.8360
images - 2024-03-16T151058.237_cropped_3.png,martensite_microstructure_img_cropped_v3_manualy_cleaned_yolo,pearlite_microstructure_img_cropped_V3_cleaned_yolo,Incorrect Prediction,0.8870
images - 2024-03-16T151048.647_cropped_3.png,martensite_microstructure_img_cropped_v3_manualy_cleaned_yolo,pearlite_microstructure_img_cropped_V3_cleaned_yolo,Incorrect Prediction,0.8554
images (73)_cropped_4.png,martensite_microstructure_img_cropped_v3_manualy_cleaned_yolo,Martensite_microstructure_img_cropped_V3_manualy_cleaned_yolo,Low Confidence,0.5152
images - 2024-03-16T151042.231_cropped_0.png,martensite_microstructure_img_cropped_v3_manualy_cleaned_yolo,pearlite_microstructure_img_cropped_V3_cleaned_yolo,Incorrect Prediction,0.6389
images (41)_cropped_0.png,martensite_microstructure_img_cropped_v3_manualy_cleaned_yolo,Martensite_microstructure_img_cropped_V3_manualy_cleaned_yolo,Low Confidence,0.8435
images - 2024-03-16T151048.445_cropped_1.png,martensite_microstructure_img_cropped_v3_manualy_cleaned_yolo,pearlite_microstructure_img_cropped_V3_cleaned_yolo,Incorrect Prediction,0.6389
images - 2024-03-16T151046.404_cropped_0.png,martensite_microstructure_img_cropped_v3_manualy_cleaned_yolo,Martensite_microstructure_img_cropped_V3_manualy_cleaned_yolo,Low Confidence,0.5709
images (30)_cropped_0.png,martensite_microstructure_img_cropped_v3_manualy_cleaned_yolo,Martensite_microstructure_img_cropped_V3_manualy_cleaned_yolo,Low Confidence,0.6468
images - 2024-03-16T151045.766_cropped_1.png,martensite_microstructure_img_cropped_v3_manualy_cleaned_yolo,Martensite_microstructure_img_cropped_V3_manualy_cleaned_yolo,Low Confidence,0.7710
images - 2024-03-16T151046.248_cropped_1.png,martensite_microstructure_img_cropped_v3_manualy_cleaned_yolo,Martensite_microstructure_img_cropped_V3_manualy_cleaned_yolo,Low Confidence,0.6118
images - 2024-03-16T151045.438_cropped_2.png,martensite_microstructure_img_cropped_v3_manualy_cleaned_yolo,pearlite_microstructure_img_cropped_V3_cleaned_yolo,Incorrect Prediction,0.6784
images - 2024-03-16T151052.713_cropped_8.png,martensite_microstructure_img_cropped_v3_manualy_cleaned_yolo,pearlite_microstructure_img_cropped_V3_cleaned_yolo,Incorrect Prediction,0.9297
images - 2024-03-16T151041.992_cropped_0.png,martensite_microstructure_img_cropped_v3_manualy_cleaned_yolo,pearlite_microstructure_img_cropped_V3_cleaned_yolo,Incorrect Prediction,0.5947
images (71)_cropped_5.png,martensite_microstructure_img_cropped_v3_manualy_cleaned_yolo,pearlite_microstructure_img_cropped_V3_cleaned_yolo,Incorrect Prediction,0.8916
images (62)_cropped_4.png,martensite_microstructure_img_cropped_v3_manualy_cleaned_yolo,Martensite_microstructure_img_cropped_V3_manualy_cleaned_yolo,Low Confidence,0.6198
images - 2024-03-16T151045.611_cropped_0.png,martensite_microstructure_img_cropped_v3_manualy_cleaned_yolo,Martensite_microstructure_img_cropped_V3_manualy_cleaned_yolo,Low Confidence,0.6751
images (25)_cropped_3.png,martensite_microstructure_img_cropped_v3_manualy_cleaned_yolo,Martensite_microstructure_img_cropped_V3_manualy_cleaned_yolo,Low Confidence,0.6586
images - 2024-03-16T151052.052_cropped_9.png,martensite_microstructure_img_cropped_v3_manualy_cleaned_yolo,pearlite_microstructure_img_cropped_V3_cleaned_yolo,Incorrect Prediction,0.9887
images - 2024-03-16T151046.651_cropped_1.png,martensite_microstructure_img_cropped_v3_manualy_cleaned_yolo,pearlite_microstructure_img_cropped_V3_cleaned_yolo,Incorrect Prediction,0.5245
images - 2024-03-16T151055.145_cropped_3.png,martensite_microstructure_img_cropped_v3_manualy_cleaned_yolo,pearlite_microstructure_img_cropped_V3_cleaned_yolo,Incorrect Prediction,0.6889
9049_cropped_0.png,martensite_microstructure_img_cropped_v3_manualy_cleaned_yolo,pearlite_microstructure_img_cropped_V3_cleaned_yolo,Incorrect Prediction,0.8401
images - 2024-03-16T151046.589_cropped_2.png,martensite_microstructure_img_cropped_v3_manualy_cleaned_yolo,pearlite_microstructure_img_cropped_V3_cleaned_yolo,Incorrect Prediction,0.8387
images - 2024-03-16T151051.037_cropped_1.png,martensite_microstructure_img_cropped_v3_manualy_cleaned_yolo,pearlite_microstructure_img_cropped_V3_cleaned_yolo,Incorrect Prediction,0.9390
download (25)_cropped_1.png,martensite_microstructure_img_cropped_v3_manualy_cleaned_yolo,Martensite_microstructure_img_cropped_V3_manualy_cleaned_yolo,Low Confidence,0.7657
images - 2024-03-16T151051.910_cropped_1.png,martensite_microstructure_img_cropped_v3_manualy_cleaned_yolo,Martensite_microstructure_img_cropped_V3_manualy_cleaned_yolo,Low Confidence,0.7871
fmats-09-803596-g002_cropped_3.png,martensite_microstructure_img_cropped_v3_manualy_cleaned_yolo,pearlite_microstructure_img_cropped_V3_cleaned_yolo,Incorrect Prediction,0.7092
images - 2024-03-16T151051.930_cropped_0.png,martensite_microstructure_img_cropped_v3_manualy_cleaned_yolo,pearlite_microstructure_img_cropped_V3_cleaned_yolo,Incorrect Prediction,0.5902
images (50)_cropped_4.png,martensite_microstructure_img_cropped_v3_manualy_cleaned_yolo,pearlite_microstructure_img_cropped_V3_cleaned_yolo,Incorrect Prediction,0.9727
bainite-formation-in-1080_cropped_2.png,martensite_microstructure_img_cropped_v3_manualy_cleaned_yolo,pearlite_microstructure_img_cropped_V3_cleaned_yolo,Incorrect Prediction,0.8167
images - 2024-03-16T151042.022_cropped_0.png,martensite_microstructure_img_cropped_v3_manualy_cleaned_yolo,pearlite_microstructure_img_cropped_V3_cleaned_yolo,Incorrect Prediction,0.6285
images - 2024-03-16T151057.985_cropped_2.png,martensite_microstructure_img_cropped_v3_manualy_cleaned_yolo,pearlite_microstructure_img_cropped_V3_cleaned_yolo,Incorrect Prediction,0.9722
images - 2024-03-16T151041.777_cropped_1.png,martensite_microstructure_img_cropped_v3_manualy_cleaned_yolo,pearlite_microstructure_img_cropped_V3_cleaned_yolo,Incorrect Prediction,0.6255
images (50)_cropped_5.png,martensite_microstructure_img_cropped_v3_manualy_cleaned_yolo,pearlite_microstructure_img_cropped_V3_cleaned_yolo,Incorrect Prediction,0.7724
images - 2024-03-16T151042.883_cropped_2.png,martensite_microstructure_img_cropped_v3_manualy_cleaned_yolo,pearlite_microstructure_img_cropped_V3_cleaned_yolo,Incorrect Prediction,0.5978
images - 2024-03-16T151042.176_cropped_0.png,martensite_microstructure_img_cropped_v3_manualy_cleaned_yolo,pearlite_microstructure_img_cropped_V3_cleaned_yolo,Incorrect Prediction,0.8000
images - 2024-03-16T151046.329_cropped_1.png,martensite_microstructure_img_cropped_v3_manualy_cleaned_yolo,Martensite_microstructure_img_cropped_V3_manualy_cleaned_yolo,Low Confidence,0.6799
images - 2024-03-16T151046.204_cropped_1.png,martensite_microstructure_img_cropped_v3_manualy_cleaned_yolo,Martensite_microstructure_img_cropped_V3_manualy_cleaned_yolo,Low Confidence,0.7199
images - 2024-03-16T151050.801_cropped_0.png,martensite_microstructure_img_cropped_v3_manualy_cleaned_yolo,pearlite_microstructure_img_cropped_V3_cleaned_yolo,Incorrect Prediction,0.8534
images - 2024-03-16T151045.558_cropped_5.png,martensite_microstructure_img_cropped_v3_manualy_cleaned_yolo,Martensite_microstructure_img_cropped_V3_manualy_cleaned_yolo,Low Confidence,0.7556
images - 2024-03-16T151042.711_cropped_3.png,martensite_microstructure_img_cropped_v3_manualy_cleaned_yolo,Martensite_microstructure_img_cropped_V3_manualy_cleaned_yolo,Low Confidence,0.7837
images - 2024-03-16T151042.786_cropped_0.png,martensite_microstructure_img_cropped_v3_manualy_cleaned_yolo,pearlite_microstructure_img_cropped_V3_cleaned_yolo,Incorrect Prediction,0.6502
images - 2024-03-16T151053.474_cropped_1.png,martensite_microstructure_img_cropped_v3_manualy_cleaned_yolo,pearlite_microstructure_img_cropped_V3_cleaned_yolo,Incorrect Prediction,0.8902
images - 2024-03-16T151048.608_cropped_1.png,martensite_microstructure_img_cropped_v3_manualy_cleaned_yolo,pearlite_microstructure_img_cropped_V3_cleaned_yolo,Incorrect Prediction,0.6240
images (69)_cropped_5.png,martensite_microstructure_img_cropped_v3_manualy_cleaned_yolo,pearlite_microstructure_img_cropped_V3_cleaned_yolo,Incorrect Prediction,0.6771
images (57)_cropped_3.png,martensite_microstructure_img_cropped_v3_manualy_cleaned_yolo,pearlite_microstructure_img_cropped_V3_cleaned_yolo,Incorrect Prediction,0.8427
images - 2024-03-16T151057.985_cropped_0.png,martensite_microstructure_img_cropped_v3_manualy_cleaned_yolo,pearlite_microstructure_img_cropped_V3_cleaned_yolo,Incorrect Prediction,0.6059
images - 2024-03-16T151046.002_cropped_3.png,martensite_microstructure_img_cropped_v3_manualy_cleaned_yolo,pearlite_microstructure_img_cropped_V3_cleaned_yolo,Incorrect Prediction,0.9170
images - 2024-03-16T151057.701_cropped_0.png,martensite_microstructure_img_cropped_v3_manualy_cleaned_yolo,Martensite_microstructure_img_cropped_V3_manualy_cleaned_yolo,Low Confidence,0.8231
images - 2024-03-16T151052.029_cropped_7.png,martensite_microstructure_img_cropped_v3_manualy_cleaned_yolo,pearlite_microstructure_img_cropped_V3_cleaned_yolo,Incorrect Prediction,0.5656
images - 2024-03-16T151051.765_cropped_4.png,martensite_microstructure_img_cropped_v3_manualy_cleaned_yolo,pearlite_microstructure_img_cropped_V3_cleaned_yolo,Incorrect Prediction,0.7665
images - 2024-03-16T151042.555_cropped_2.png,martensite_microstructure_img_cropped_v3_manualy_cleaned_yolo,pearlite_microstructure_img_cropped_V3_cleaned_yolo,Incorrect Prediction,0.9993
images - 2024-03-16T151043.809_cropped_7.png,martensite_microstructure_img_cropped_v3_manualy_cleaned_yolo,pearlite_microstructure_img_cropped_V3_cleaned_yolo,Incorrect Prediction,0.9258
images - 2024-03-16T151043.809_cropped_0.png,martensite_microstructure_img_cropped_v3_manualy_cleaned_yolo,pearlite_microstructure_img_cropped_V3_cleaned_yolo,Incorrect Prediction,0.8911
images - 2024-03-16T151055.308_cropped_0.png,martensite_microstructure_img_cropped_v3_manualy_cleaned_yolo,pearlite_microstructure_img_cropped_V3_cleaned_yolo,Incorrect Prediction,0.8810
images - 2024-03-16T151044.167_cropped_2.png,martensite_microstructure_img_cropped_v3_manualy_cleaned_yolo,pearlite_microstructure_img_cropped_V3_cleaned_yolo,Incorrect Prediction,0.9167
images - 2024-03-16T151043.952_cropped_1.png,martensite_microstructure_img_cropped_v3_manualy_cleaned_yolo,pearlite_microstructure_img_cropped_V3_cleaned_yolo,Incorrect Prediction,0.6538
images - 2024-03-16T151041.959_cropped_2.png,martensite_microstructure_img_cropped_v3_manualy_cleaned_yolo,pearlite_microstructure_img_cropped_V3_cleaned_yolo,Incorrect Prediction,0.9986
images - 2024-03-16T151050.959_cropped_0.png,martensite_microstructure_img_cropped_v3_manualy_cleaned_yolo,pearlite_microstructure_img_cropped_V3_cleaned_yolo,Incorrect Prediction,0.5220
images - 2024-03-16T151050.397_cropped_4.png,martensite_microstructure_img_cropped_v3_manualy_cleaned_yolo,pearlite_microstructure_img_cropped_V3_cleaned_yolo,Incorrect Prediction,0.9413
images - 2024-03-16T151052.098_cropped_15.png,martensite_microstructure_img_cropped_v3_manualy_cleaned_yolo,pearlite_microstructure_img_cropped_V3_cleaned_yolo,Incorrect Prediction,0.6138
images - 2024-03-16T151049.121_cropped_2.png,martensite_microstructure_img_cropped_v3_manualy_cleaned_yolo,Martensite_microstructure_img_cropped_V3_manualy_cleaned_yolo,Low Confidence,0.7272
images - 2024-03-16T151049.596_cropped_0.png,martensite_microstructure_img_cropped_v3_manualy_cleaned_yolo,pearlite_microstructure_img_cropped_V3_cleaned_yolo,Incorrect Prediction,0.9549
1-s2.0-S1359645419304094-fx1_cropped_0.png,martensite_microstructure_img_cropped_v3_manualy_cleaned_yolo,pearlite_microstructure_img_cropped_V3_cleaned_yolo,Incorrect Prediction,0.5432
images - 2024-03-16T151044.873_cropped_2.png,martensite_microstructure_img_cropped_v3_manualy_cleaned_yolo,Martensite_microstructure_img_cropped_V3_manualy_cleaned_yolo,Low Confidence,0.6143
images - 2024-03-16T151054.077_cropped_1.png,martensite_microstructure_img_cropped_v3_manualy_cleaned_yolo,Martensite_microstructure_img_cropped_V3_manualy_cleaned_yolo,Low Confidence,0.7914
images (68)_cropped_0.png,martensite_microstructure_img_cropped_v3_manualy_cleaned_yolo,pearlite_microstructure_img_cropped_V3_cleaned_yolo,Incorrect Prediction,0.7008
images - 2024-03-16T151054.919_cropped_8.png,martensite_microstructure_img_cropped_v3_manualy_cleaned_yolo,pearlite_microstructure_img_cropped_V3_cleaned_yolo,Incorrect Prediction,0.5985
images - 2024-03-16T151052.052_cropped_3.png,martensite_microstructure_img_cropped_v3_manualy_cleaned_yolo,pearlite_microstructure_img_cropped_V3_cleaned_yolo,Incorrect Prediction,0.9413
10853_2022_7275_Fig2_HTML_cropped_1.png,martensite_microstructure_img_cropped_v3_manualy_cleaned_yolo,pearlite_microstructure_img_cropped_V3_cleaned_yolo,Incorrect Prediction,0.9744
images - 2024-03-16T151048.695_cropped_3.png,martensite_microstructure_img_cropped_v3_manualy_cleaned_yolo,Martensite_microstructure_img_cropped_V3_manualy_cleaned_yolo,Low Confidence,0.5153
images - 2024-03-16T151047.208_cropped_4.png,martensite_microstructure_img_cropped_v3_manualy_cleaned_yolo,pearlite_microstructure_img_cropped_V3_cleaned_yolo,Incorrect Prediction,0.5608
images - 2024-03-16T151054.020_cropped_2.png,martensite_microstructure_img_cropped_v3_manualy_cleaned_yolo,Martensite_microstructure_img_cropped_V3_manualy_cleaned_yolo,Low Confidence,0.7687
images - 2024-03-16T151047.809_cropped_0.png,martensite_microstructure_img_cropped_v3_manualy_cleaned_yolo,Martensite_microstructure_img_cropped_V3_manualy_cleaned_yolo,Low Confidence,0.8065
images (88)_cropped_0.png,martensite_microstructure_img_cropped_v3_manualy_cleaned_yolo,pearlite_microstructure_img_cropped_V3_cleaned_yolo,Incorrect Prediction,0.6828
images - 2024-03-16T151054.894_cropped_3.png,martensite_microstructure_img_cropped_v3_manualy_cleaned_yolo,pearlite_microstructure_img_cropped_V3_cleaned_yolo,Incorrect Prediction,0.7995
images - 2024-03-16T151044.167_cropped_3.png,martensite_microstructure_img_cropped_v3_manualy_cleaned_yolo,Martensite_microstructure_img_cropped_V3_manualy_cleaned_yolo,Low Confidence,0.5126
images - 2024-03-16T151044.661_cropped_1.png,martensite_microstructure_img_cropped_v3_manualy_cleaned_yolo,pearlite_microstructure_img_cropped_V3_cleaned_yolo,Incorrect Prediction,0.7228
images - 2024-03-16T151045.585_cropped_6.png,martensite_microstructure_img_cropped_v3_manualy_cleaned_yolo,Martensite_microstructure_img_cropped_V3_manualy_cleaned_yolo,Low Confidence,0.6623
images - 2024-03-16T151046.088_cropped_4.png,martensite_microstructure_img_cropped_v3_manualy_cleaned_yolo,pearlite_microstructure_img_cropped_V3_cleaned_yolo,Incorrect Prediction,0.7231
images - 2024-03-16T151045.976_cropped_4.png,martensite_microstructure_img_cropped_v3_manualy_cleaned_yolo,pearlite_microstructure_img_cropped_V3_cleaned_yolo,Incorrect Prediction,0.6035
images - 2024-03-16T151045.947_cropped_0.png,martensite_microstructure_img_cropped_v3_manualy_cleaned_yolo,Martensite_microstructure_img_cropped_V3_manualy_cleaned_yolo,Low Confidence,0.7724
materials-12-03718-g001a_cropped_3.png,martensite_microstructure_img_cropped_v3_manualy_cleaned_yolo,Martensite_microstructure_img_cropped_V3_manualy_cleaned_yolo,Low Confidence,0.8016
images - 2024-03-16T151046.353_cropped_2.png,martensite_microstructure_img_cropped_v3_manualy_cleaned_yolo,pearlite_microstructure_img_cropped_V3_cleaned_yolo,Incorrect Prediction,0.6591
images - 2024-03-16T151043.809_cropped_8.png,martensite_microstructure_img_cropped_v3_manualy_cleaned_yolo,Martensite_microstructure_img_cropped_V3_manualy_cleaned_yolo,Low Confidence,0.6531
images - 2024-03-16T151051.271_cropped_7.png,martensite_microstructure_img_cropped_v3_manualy_cleaned_yolo,Martensite_microstructure_img_cropped_V3_manualy_cleaned_yolo,Low Confidence,0.6478
images - 2024-03-16T151050.397_cropped_2.png,martensite_microstructure_img_cropped_v3_manualy_cleaned_yolo,pearlite_microstructure_img_cropped_V3_cleaned_yolo,Incorrect Prediction,0.5437
download (1)_cropped_0.png,martensite_microstructure_img_cropped_v3_manualy_cleaned_yolo,Martensite_microstructure_img_cropped_V3_manualy_cleaned_yolo,Low Confidence,0.7610
materials-12-03718-g001a_cropped_1.png,martensite_microstructure_img_cropped_v3_manualy_cleaned_yolo,Martensite_microstructure_img_cropped_V3_manualy_cleaned_yolo,Low Confidence,0.7226
images - 2024-03-16T151044.500_cropped_4.png,martensite_microstructure_img_cropped_v3_manualy_cleaned_yolo,pearlite_microstructure_img_cropped_V3_cleaned_yolo,Incorrect Prediction,0.7652
images - 2024-03-16T151051.954_cropped_0.png,martensite_microstructure_img_cropped_v3_manualy_cleaned_yolo,pearlite_microstructure_img_cropped_V3_cleaned_yolo,Incorrect Prediction,0.9417
images - 2024-03-16T151051.314_cropped_1.png,martensite_microstructure_img_cropped_v3_manualy_cleaned_yolo,Martensite_microstructure_img_cropped_V3_manualy_cleaned_yolo,Low Confidence,0.5372
images - 2024-03-16T151044.634_cropped_5.png,martensite_microstructure_img_cropped_v3_manualy_cleaned_yolo,pearlite_microstructure_img_cropped_V3_cleaned_yolo,Incorrect Prediction,0.8998
images - 2024-03-16T151048.647_cropped_6.png,martensite_microstructure_img_cropped_v3_manualy_cleaned_yolo,pearlite_microstructure_img_cropped_V3_cleaned_yolo,Incorrect Prediction,0.6028
images (77)_cropped_0.png,martensite_microstructure_img_cropped_v3_manualy_cleaned_yolo,Martensite_microstructure_img_cropped_V3_manualy_cleaned_yolo,Low Confidence,0.6987
images - 2024-03-16T151042.434_cropped_10.png,martensite_microstructure_img_cropped_v3_manualy_cleaned_yolo,Martensite_microstructure_img_cropped_V3_manualy_cleaned_yolo,Low Confidence,0.7304
10033_2023_984_Fig1_HTML_cropped_1.png,martensite_microstructure_img_cropped_v3_manualy_cleaned_yolo,pearlite_microstructure_img_cropped_V3_cleaned_yolo,Incorrect Prediction,0.8913
images - 2024-03-16T151047.761_cropped_3.png,martensite_microstructure_img_cropped_v3_manualy_cleaned_yolo,Martensite_microstructure_img_cropped_V3_manualy_cleaned_yolo,Low Confidence,0.7364
images - 2024-03-16T151043.683_cropped_2.png,martensite_microstructure_img_cropped_v3_manualy_cleaned_yolo,Martensite_microstructure_img_cropped_V3_manualy_cleaned_yolo,Low Confidence,0.8322
images - 2024-03-16T151049.224_cropped_2.png,martensite_microstructure_img_cropped_v3_manualy_cleaned_yolo,pearlite_microstructure_img_cropped_V3_cleaned_yolo,Incorrect Prediction,0.8845
images (69)_cropped_1.png,martensite_microstructure_img_cropped_v3_manualy_cleaned_yolo,pearlite_microstructure_img_cropped_V3_cleaned_yolo,Incorrect Prediction,0.9943
images - 2024-03-16T151051.666_cropped_1.png,martensite_microstructure_img_cropped_v3_manualy_cleaned_yolo,pearlite_microstructure_img_cropped_V3_cleaned_yolo,Incorrect Prediction,0.9666
images - 2024-03-16T151044.747_cropped_3.png,martensite_microstructure_img_cropped_v3_manualy_cleaned_yolo,pearlite_microstructure_img_cropped_V3_cleaned_yolo,Incorrect Prediction,0.7478
images - 2024-03-16T151046.284_cropped_0.png,martensite_microstructure_img_cropped_v3_manualy_cleaned_yolo,Martensite_microstructure_img_cropped_V3_manualy_cleaned_yolo,Low Confidence,0.6391
images - 2024-03-16T151047.172_cropped_2.png,martensite_microstructure_img_cropped_v3_manualy_cleaned_yolo,pearlite_microstructure_img_cropped_V3_cleaned_yolo,Incorrect Prediction,0.5879
images - 2024-03-16T151050.578_cropped_2.png,martensite_microstructure_img_cropped_v3_manualy_cleaned_yolo,Martensite_microstructure_img_cropped_V3_manualy_cleaned_yolo,Low Confidence,0.5441
images (73)_cropped_2.png,martensite_microstructure_img_cropped_v3_manualy_cleaned_yolo,pearlite_microstructure_img_cropped_V3_cleaned_yolo,Incorrect Prediction,0.5430
images - 2024-03-16T151044.241_cropped_1.png,martensite_microstructure_img_cropped_v3_manualy_cleaned_yolo,pearlite_microstructure_img_cropped_V3_cleaned_yolo,Incorrect Prediction,0.5617
images - 2024-03-16T151052.271_cropped_6.png,martensite_microstructure_img_cropped_v3_manualy_cleaned_yolo,pearlite_microstructure_img_cropped_V3_cleaned_yolo,Incorrect Prediction,0.8437
images (57)_cropped_0.png,martensite_microstructure_img_cropped_v3_manualy_cleaned_yolo,Martensite_microstructure_img_cropped_V3_manualy_cleaned_yolo,Low Confidence,0.7450
images - 2024-03-16T151044.598_cropped_3.png,martensite_microstructure_img_cropped_v3_manualy_cleaned_yolo,pearlite_microstructure_img_cropped_V3_cleaned_yolo,Incorrect Prediction,0.9472
images (30)_cropped_1.png,martensite_microstructure_img_cropped_v3_manualy_cleaned_yolo,Martensite_microstructure_img_cropped_V3_manualy_cleaned_yolo,Low Confidence,0.5419
images (57)_cropped_2.png,martensite_microstructure_img_cropped_v3_manualy_cleaned_yolo,Martensite_microstructure_img_cropped_V3_manualy_cleaned_yolo,Low Confidence,0.6349
images - 2024-03-16T151046.509_cropped_2.png,martensite_microstructure_img_cropped_v3_manualy_cleaned_yolo,pearlite_microstructure_img_cropped_V3_cleaned_yolo,Incorrect Prediction,0.9518
images - 2024-03-16T151050.977_cropped_0.png,martensite_microstructure_img_cropped_v3_manualy_cleaned_yolo,pearlite_microstructure_img_cropped_V3_cleaned_yolo,Incorrect Prediction,0.8863
images (25)_cropped_2.png,martensite_microstructure_img_cropped_v3_manualy_cleaned_yolo,pearlite_microstructure_img_cropped_V3_cleaned_yolo,Incorrect Prediction,0.6360
images - 2024-03-16T151046.307_cropped_1.png,martensite_microstructure_img_cropped_v3_manualy_cleaned_yolo,pearlite_microstructure_img_cropped_V3_cleaned_yolo,Incorrect Prediction,0.7710
images - 2024-03-16T151048.516_cropped_0.png,martensite_microstructure_img_cropped_v3_manualy_cleaned_yolo,pearlite_microstructure_img_cropped_V3_cleaned_yolo,Incorrect Prediction,0.7749
10033_2023_984_Fig1_HTML_cropped_0.png,martensite_microstructure_img_cropped_v3_manualy_cleaned_yolo,pearlite_microstructure_img_cropped_V3_cleaned_yolo,Incorrect Prediction,0.6891
images - 2024-03-16T151043.809_cropped_16.png,martensite_microstructure_img_cropped_v3_manualy_cleaned_yolo,pearlite_microstructure_img_cropped_V3_cleaned_yolo,Incorrect Prediction,0.7048
images (82)_cropped_0.png,martensite_microstructure_img_cropped_v3_manualy_cleaned_yolo,Martensite_microstructure_img_cropped_V3_manualy_cleaned_yolo,Low Confidence,0.8459
images (25)_cropped_1.png,martensite_microstructure_img_cropped_v3_manualy_cleaned_yolo,pearlite_microstructure_img_cropped_V3_cleaned_yolo,Incorrect Prediction,0.6499
images - 2024-03-16T151048.173_cropped_2.png,martensite_microstructure_img_cropped_v3_manualy_cleaned_yolo,Martensite_microstructure_img_cropped_V3_manualy_cleaned_yolo,Low Confidence,0.7952
images (60)_cropped_2.png,martensite_microstructure_img_cropped_v3_manualy_cleaned_yolo,Martensite_microstructure_img_cropped_V3_manualy_cleaned_yolo,Low Confidence,0.7749
images - 2024-03-16T151053.362_cropped_0.png,martensite_microstructure_img_cropped_v3_manualy_cleaned_yolo,pearlite_microstructure_img_cropped_V3_cleaned_yolo,Incorrect Prediction,0.9917
images - 2024-03-16T151054.687_cropped_1.png,martensite_microstructure_img_cropped_v3_manualy_cleaned_yolo,Martensite_microstructure_img_cropped_V3_manualy_cleaned_yolo,Low Confidence,0.5495
images - 2024-03-16T151046.002_cropped_1.png,martensite_microstructure_img_cropped_v3_manualy_cleaned_yolo,pearlite_microstructure_img_cropped_V3_cleaned_yolo,Incorrect Prediction,0.8535
images - 2024-03-16T151047.809_cropped_2.png,martensite_microstructure_img_cropped_v3_manualy_cleaned_yolo,Martensite_microstructure_img_cropped_V3_manualy_cleaned_yolo,Low Confidence,0.6197
images - 2024-03-16T151045.558_cropped_1.png,martensite_microstructure_img_cropped_v3_manualy_cleaned_yolo,Martensite_microstructure_img_cropped_V3_manualy_cleaned_yolo,Low Confidence,0.6637
images - 2024-03-16T151041.863_cropped_0.png,martensite_microstructure_img_cropped_v3_manualy_cleaned_yolo,pearlite_microstructure_img_cropped_V3_cleaned_yolo,Incorrect Prediction,0.9749
images - 2024-03-16T151052.406_cropped_0.png,martensite_microstructure_img_cropped_v3_manualy_cleaned_yolo,Martensite_microstructure_img_cropped_V3_manualy_cleaned_yolo,Low Confidence,0.7411
images - 2024-03-16T151054.291_cropped_8.png,martensite_microstructure_img_cropped_v3_manualy_cleaned_yolo,pearlite_microstructure_img_cropped_V3_cleaned_yolo,Incorrect Prediction,0.6903
images - 2024-03-16T151044.133_cropped_2.png,martensite_microstructure_img_cropped_v3_manualy_cleaned_yolo,Martensite_microstructure_img_cropped_V3_manualy_cleaned_yolo,Low Confidence,0.7260
images - 2024-03-16T151046.509_cropped_1.png,martensite_microstructure_img_cropped_v3_manualy_cleaned_yolo,pearlite_microstructure_img_cropped_V3_cleaned_yolo,Incorrect Prediction,0.7748
images - 2024-03-16T151043.718_cropped_0.png,martensite_microstructure_img_cropped_v3_manualy_cleaned_yolo,pearlite_microstructure_img_cropped_V3_cleaned_yolo,Incorrect Prediction,0.5718
images (60)_cropped_0.png,martensite_microstructure_img_cropped_v3_manualy_cleaned_yolo,pearlite_microstructure_img_cropped_V3_cleaned_yolo,Incorrect Prediction,0.5106
images - 2024-03-16T151046.376_cropped_0.png,martensite_microstructure_img_cropped_v3_manualy_cleaned_yolo,Martensite_microstructure_img_cropped_V3_manualy_cleaned_yolo,Low Confidence,0.5789
images - 2024-03-16T151046.227_cropped_4.png,martensite_microstructure_img_cropped_v3_manualy_cleaned_yolo,Martensite_microstructure_img_cropped_V3_manualy_cleaned_yolo,Low Confidence,0.5894
images - 2024-03-16T151043.651_cropped_2.png,martensite_microstructure_img_cropped_v3_manualy_cleaned_yolo,pearlite_microstructure_img_cropped_V3_cleaned_yolo,Incorrect Prediction,0.7895
images - 2024-03-16T151044.474_cropped_3.png,martensite_microstructure_img_cropped_v3_manualy_cleaned_yolo,pearlite_microstructure_img_cropped_V3_cleaned_yolo,Incorrect Prediction,0.8730
images_cropped_3.png,martensite_microstructure_img_cropped_v3_manualy_cleaned_yolo,pearlite_microstructure_img_cropped_V3_cleaned_yolo,Incorrect Prediction,0.9507
images - 2024-03-16T151047.260_cropped_1.png,martensite_microstructure_img_cropped_v3_manualy_cleaned_yolo,Martensite_microstructure_img_cropped_V3_manualy_cleaned_yolo,Low Confidence,0.6402
images - 2024-03-16T151043.809_cropped_13.png,martensite_microstructure_img_cropped_v3_manualy_cleaned_yolo,pearlite_microstructure_img_cropped_V3_cleaned_yolo,Incorrect Prediction,0.9330
images - 2024-03-16T151043.809_cropped_4.png,martensite_microstructure_img_cropped_v3_manualy_cleaned_yolo,pearlite_microstructure_img_cropped_V3_cleaned_yolo,Incorrect Prediction,0.5124
images - 2024-03-16T151046.651_cropped_4.png,martensite_microstructure_img_cropped_v3_manualy_cleaned_yolo,pearlite_microstructure_img_cropped_V3_cleaned_yolo,Incorrect Prediction,0.8324
metals-13-01263-g008_cropped_1.png,martensite_microstructure_img_cropped_v3_manualy_cleaned_yolo,pearlite_microstructure_img_cropped_V3_cleaned_yolo,Incorrect Prediction,0.9880
images (81)_cropped_1.png,martensite_microstructure_img_cropped_v3_manualy_cleaned_yolo,Martensite_microstructure_img_cropped_V3_manualy_cleaned_yolo,Low Confidence,0.5636
images - 2024-03-16T151049.049_cropped_0.png,martensite_microstructure_img_cropped_v3_manualy_cleaned_yolo,Martensite_microstructure_img_cropped_V3_manualy_cleaned_yolo,Low Confidence,0.8044
images_large_10.1177_09544089231161921-fig12_cropped_0.png,martensite_microstructure_img_cropped_v3_manualy_cleaned_yolo,pearlite_microstructure_img_cropped_V3_cleaned_yolo,Incorrect Prediction,0.9858
images - 2024-03-16T151055.107_cropped_2.png,martensite_microstructure_img_cropped_v3_manualy_cleaned_yolo,pearlite_microstructure_img_cropped_V3_cleaned_yolo,Incorrect Prediction,0.8310
images - 2024-03-16T151055.107_cropped_0.png,martensite_microstructure_img_cropped_v3_manualy_cleaned_yolo,pearlite_microstructure_img_cropped_V3_cleaned_yolo,Incorrect Prediction,0.7144
images - 2024-03-16T151058.346_cropped_1.png,martensite_microstructure_img_cropped_v3_manualy_cleaned_yolo,pearlite_microstructure_img_cropped_V3_cleaned_yolo,Incorrect Prediction,0.7238
images - 2024-03-16T151052.052_cropped_10.png,martensite_microstructure_img_cropped_v3_manualy_cleaned_yolo,pearlite_microstructure_img_cropped_V3_cleaned_yolo,Incorrect Prediction,0.9997
3-Figure1-1_cropped_0.png,martensite_microstructure_img_cropped_v3_manualy_cleaned_yolo,pearlite_microstructure_img_cropped_V3_cleaned_yolo,Incorrect Prediction,0.6723
download (6)_cropped_0.png,martensite_microstructure_img_cropped_v3_manualy_cleaned_yolo,pearlite_microstructure_img_cropped_V3_cleaned_yolo,Incorrect Prediction,0.5953
images - 2024-03-16T151050.306_cropped_1.png,martensite_microstructure_img_cropped_v3_manualy_cleaned_yolo,Martensite_microstructure_img_cropped_V3_manualy_cleaned_yolo,Low Confidence,0.7379
images - 2024-03-16T151041.907_cropped_0.png,martensite_microstructure_img_cropped_v3_manualy_cleaned_yolo,pearlite_microstructure_img_cropped_V3_cleaned_yolo,Incorrect Prediction,0.7692
images - 2024-03-16T151043.563_cropped_3.png,martensite_microstructure_img_cropped_v3_manualy_cleaned_yolo,Martensite_microstructure_img_cropped_V3_manualy_cleaned_yolo,Low Confidence,0.7207
images - 2024-03-16T151043.908_cropped_0.png,martensite_microstructure_img_cropped_v3_manualy_cleaned_yolo,pearlite_microstructure_img_cropped_V3_cleaned_yolo,Incorrect Prediction,0.7650
images - 2024-03-16T151043.884_cropped_1.png,martensite_microstructure_img_cropped_v3_manualy_cleaned_yolo,Martensite_microstructure_img_cropped_V3_manualy_cleaned_yolo,Low Confidence,0.5698
images - 2024-03-16T151044.634_cropped_3.png,martensite_microstructure_img_cropped_v3_manualy_cleaned_yolo,pearlite_microstructure_img_cropped_V3_cleaned_yolo,Incorrect Prediction,0.8468
images (25)_cropped_4.png,martensite_microstructure_img_cropped_v3_manualy_cleaned_yolo,pearlite_microstructure_img_cropped_V3_cleaned_yolo,Incorrect Prediction,0.8623
images - 2024-03-16T151047.052_cropped_0.png,martensite_microstructure_img_cropped_v3_manualy_cleaned_yolo,pearlite_microstructure_img_cropped_V3_cleaned_yolo,Incorrect Prediction,0.6379
images (79)_cropped_0.png,martensite_microstructure_img_cropped_v3_manualy_cleaned_yolo,pearlite_microstructure_img_cropped_V3_cleaned_yolo,Incorrect Prediction,0.9899
3-s2.0-B9780857092380500061-f06-05-9780857092380_cropped_1.png,martensite_microstructure_img_cropped_v3_manualy_cleaned_yolo,pearlite_microstructure_img_cropped_V3_cleaned_yolo,Incorrect Prediction,0.6033
12540_2020_707_Fig4_HTML_cropped_2.png,martensite_microstructure_img_cropped_v3_manualy_cleaned_yolo,Martensite_microstructure_img_cropped_V3_manualy_cleaned_yolo,Low Confidence,0.7696
Martensite-microstructure-in-steels_cropped_2.png,martensite_microstructure_img_cropped_v3_manualy_cleaned_yolo,pearlite_microstructure_img_cropped_V3_cleaned_yolo,Incorrect Prediction,0.9864
images - 2024-03-16T151049.688_cropped_0.png,martensite_microstructure_img_cropped_v3_manualy_cleaned_yolo,pearlite_microstructure_img_cropped_V3_cleaned_yolo,Incorrect Prediction,0.5157
images - 2024-03-16T151052.518_cropped_1.png,martensite_microstructure_img_cropped_v3_manualy_cleaned_yolo,pearlite_microstructure_img_cropped_V3_cleaned_yolo,Incorrect Prediction,0.9530
images - 2024-03-16T151042.483_cropped_1.png,martensite_microstructure_img_cropped_v3_manualy_cleaned_yolo,pearlite_microstructure_img_cropped_V3_cleaned_yolo,Incorrect Prediction,0.6631
images - 2024-03-16T151055.608_cropped_1.png,martensite_microstructure_img_cropped_v3_manualy_cleaned_yolo,pearlite_microstructure_img_cropped_V3_cleaned_yolo,Incorrect Prediction,0.6000
images - 2024-03-16T151042.760_cropped_0.png,martensite_microstructure_img_cropped_v3_manualy_cleaned_yolo,pearlite_microstructure_img_cropped_V3_cleaned_yolo,Incorrect Prediction,0.9493
images (28)_cropped_0.png,martensite_microstructure_img_cropped_v3_manualy_cleaned_yolo,Martensite_microstructure_img_cropped_V3_manualy_cleaned_yolo,Low Confidence,0.7352
1-s2.0-S0264127523004744-gr3_cropped_2.png,martensite_microstructure_img_cropped_v3_manualy_cleaned_yolo,pearlite_microstructure_img_cropped_V3_cleaned_yolo,Incorrect Prediction,0.8255
images - 2024-03-16T151042.555_cropped_0.png,martensite_microstructure_img_cropped_v3_manualy_cleaned_yolo,pearlite_microstructure_img_cropped_V3_cleaned_yolo,Incorrect Prediction,0.9983
images - 2024-03-16T151044.098_cropped_0.png,martensite_microstructure_img_cropped_v3_manualy_cleaned_yolo,Martensite_microstructure_img_cropped_V3_manualy_cleaned_yolo,Low Confidence,0.5842
images - 2024-03-16T151046.844_cropped_3.png,martensite_microstructure_img_cropped_v3_manualy_cleaned_yolo,Martensite_microstructure_img_cropped_V3_manualy_cleaned_yolo,Low Confidence,0.8452
images - 2024-03-16T151044.598_cropped_0.png,martensite_microstructure_img_cropped_v3_manualy_cleaned_yolo,pearlite_microstructure_img_cropped_V3_cleaned_yolo,Incorrect Prediction,0.8651
images - 2024-03-16T151050.289_cropped_2.png,martensite_microstructure_img_cropped_v3_manualy_cleaned_yolo,Martensite_microstructure_img_cropped_V3_manualy_cleaned_yolo,Low Confidence,0.7578
images - 2024-03-16T151049.688_cropped_1.png,martensite_microstructure_img_cropped_v3_manualy_cleaned_yolo,pearlite_microstructure_img_cropped_V3_cleaned_yolo,Incorrect Prediction,0.5284
images - 2024-03-16T151042.660_cropped_5.png,martensite_microstructure_img_cropped_v3_manualy_cleaned_yolo,Martensite_microstructure_img_cropped_V3_manualy_cleaned_yolo,Low Confidence,0.7912
images - 2024-03-16T151049.978_cropped_4.png,martensite_microstructure_img_cropped_v3_manualy_cleaned_yolo,Martensite_microstructure_img_cropped_V3_manualy_cleaned_yolo,Low Confidence,0.8358
images - 2024-03-16T151053.208_cropped_2.png,martensite_microstructure_img_cropped_v3_manualy_cleaned_yolo,pearlite_microstructure_img_cropped_V3_cleaned_yolo,Incorrect Prediction,0.9443
images - 2024-03-16T151046.672_cropped_0.png,martensite_microstructure_img_cropped_v3_manualy_cleaned_yolo,pearlite_microstructure_img_cropped_V3_cleaned_yolo,Incorrect Prediction,0.6638
images - 2024-03-16T151051.314_cropped_3.png,martensite_microstructure_img_cropped_v3_manualy_cleaned_yolo,pearlite_microstructure_img_cropped_V3_cleaned_yolo,Incorrect Prediction,0.9635
images - 2024-03-16T151053.582_cropped_2.png,martensite_microstructure_img_cropped_v3_manualy_cleaned_yolo,pearlite_microstructure_img_cropped_V3_cleaned_yolo,Incorrect Prediction,0.9231
images - 2024-03-16T151055.896_cropped_0.png,martensite_microstructure_img_cropped_v3_manualy_cleaned_yolo,pearlite_microstructure_img_cropped_V3_cleaned_yolo,Incorrect Prediction,0.8577
images - 2024-03-16T151048.476_cropped_2.png,martensite_microstructure_img_cropped_v3_manualy_cleaned_yolo,pearlite_microstructure_img_cropped_V3_cleaned_yolo,Incorrect Prediction,0.9994
images - 2024-03-16T151042.660_cropped_6.png,martensite_microstructure_img_cropped_v3_manualy_cleaned_yolo,Martensite_microstructure_img_cropped_V3_manualy_cleaned_yolo,Low Confidence,0.7057
images - 2024-03-16T151049.658_cropped_0.png,martensite_microstructure_img_cropped_v3_manualy_cleaned_yolo,pearlite_microstructure_img_cropped_V3_cleaned_yolo,Incorrect Prediction,0.7382
images (71)_cropped_1.png,martensite_microstructure_img_cropped_v3_manualy_cleaned_yolo,Martensite_microstructure_img_cropped_V3_manualy_cleaned_yolo,Low Confidence,0.7881
images - 2024-03-16T151045.976_cropped_2.png,martensite_microstructure_img_cropped_v3_manualy_cleaned_yolo,pearlite_microstructure_img_cropped_V3_cleaned_yolo,Incorrect Prediction,0.6968
images - 2024-03-16T151050.270_cropped_1.png,martensite_microstructure_img_cropped_v3_manualy_cleaned_yolo,pearlite_microstructure_img_cropped_V3_cleaned_yolo,Incorrect Prediction,0.6967
images - 2024-03-16T151050.659_cropped_7.png,martensite_microstructure_img_cropped_v3_manualy_cleaned_yolo,pearlite_microstructure_img_cropped_V3_cleaned_yolo,Incorrect Prediction,0.9326
images - 2024-03-16T151049.906_cropped_2.png,martensite_microstructure_img_cropped_v3_manualy_cleaned_yolo,Martensite_microstructure_img_cropped_V3_manualy_cleaned_yolo,Low Confidence,0.5368
images - 2024-03-16T151048.516_cropped_1.png,martensite_microstructure_img_cropped_v3_manualy_cleaned_yolo,pearlite_microstructure_img_cropped_V3_cleaned_yolo,Incorrect Prediction,0.6103
images - 2024-03-16T151055.405_cropped_2.png,martensite_microstructure_img_cropped_v3_manualy_cleaned_yolo,Martensite_microstructure_img_cropped_V3_manualy_cleaned_yolo,Low Confidence,0.6137
images - 2024-03-16T151052.879_cropped_0.png,martensite_microstructure_img_cropped_v3_manualy_cleaned_yolo,pearlite_microstructure_img_cropped_V3_cleaned_yolo,Incorrect Prediction,0.5909
images - 2024-03-16T151051.109_cropped_1.png,martensite_microstructure_img_cropped_v3_manualy_cleaned_yolo,Martensite_microstructure_img_cropped_V3_manualy_cleaned_yolo,Low Confidence,0.6363
images - 2024-03-16T151049.978_cropped_5.png,martensite_microstructure_img_cropped_v3_manualy_cleaned_yolo,pearlite_microstructure_img_cropped_V3_cleaned_yolo,Incorrect Prediction,0.8596
images - 2024-03-16T151044.598_cropped_1.png,martensite_microstructure_img_cropped_v3_manualy_cleaned_yolo,Martensite_microstructure_img_cropped_V3_manualy_cleaned_yolo,Low Confidence,0.8445
images (62)_cropped_7.png,martensite_microstructure_img_cropped_v3_manualy_cleaned_yolo,pearlite_microstructure_img_cropped_V3_cleaned_yolo,Incorrect Prediction,0.9573
images - 2024-03-16T151049.906_cropped_0.png,martensite_microstructure_img_cropped_v3_manualy_cleaned_yolo,pearlite_microstructure_img_cropped_V3_cleaned_yolo,Incorrect Prediction,0.8299
images (73)_cropped_3.png,martensite_microstructure_img_cropped_v3_manualy_cleaned_yolo,pearlite_microstructure_img_cropped_V3_cleaned_yolo,Incorrect Prediction,0.6015
images - 2024-03-16T151049.364_cropped_3.png,martensite_microstructure_img_cropped_v3_manualy_cleaned_yolo,pearlite_microstructure_img_cropped_V3_cleaned_yolo,Incorrect Prediction,0.8404
images - 2024-03-16T151057.757_cropped_0.png,martensite_microstructure_img_cropped_v3_manualy_cleaned_yolo,pearlite_microstructure_img_cropped_V3_cleaned_yolo,Incorrect Prediction,0.9849
images - 2024-03-16T151055.405_cropped_4.png,martensite_microstructure_img_cropped_v3_manualy_cleaned_yolo,pearlite_microstructure_img_cropped_V3_cleaned_yolo,Incorrect Prediction,0.6815
10033_2023_984_Fig1_HTML_cropped_2.png,martensite_microstructure_img_cropped_v3_manualy_cleaned_yolo,pearlite_microstructure_img_cropped_V3_cleaned_yolo,Incorrect Prediction,0.8265
images - 2024-03-16T151055.145_cropped_6.png,martensite_microstructure_img_cropped_v3_manualy_cleaned_yolo,Martensite_microstructure_img_cropped_V3_manualy_cleaned_yolo,Low Confidence,0.6901
images - 2024-03-16T151044.747_cropped_6.png,martensite_microstructure_img_cropped_v3_manualy_cleaned_yolo,pearlite_microstructure_img_cropped_V3_cleaned_yolo,Incorrect Prediction,0.8313
images - 2024-03-16T151046.651_cropped_3.png,martensite_microstructure_img_cropped_v3_manualy_cleaned_yolo,Martensite_microstructure_img_cropped_V3_manualy_cleaned_yolo,Low Confidence,0.7233
images - 2024-03-16T151049.509_cropped_1.png,martensite_microstructure_img_cropped_v3_manualy_cleaned_yolo,pearlite_microstructure_img_cropped_V3_cleaned_yolo,Incorrect Prediction,0.9789
images - 2024-03-16T151057.641_cropped_2.png,martensite_microstructure_img_cropped_v3_manualy_cleaned_yolo,pearlite_microstructure_img_cropped_V3_cleaned_yolo,Incorrect Prediction,0.5894
images - 2024-03-16T151054.658_cropped_11.png,martensite_microstructure_img_cropped_v3_manualy_cleaned_yolo,pearlite_microstructure_img_cropped_V3_cleaned_yolo,Incorrect Prediction,0.5434
images - 2024-03-16T151046.430_cropped_6.png,martensite_microstructure_img_cropped_v3_manualy_cleaned_yolo,pearlite_microstructure_img_cropped_V3_cleaned_yolo,Incorrect Prediction,0.9816
images (83)_cropped_2.png,martensite_microstructure_img_cropped_v3_manualy_cleaned_yolo,pearlite_microstructure_img_cropped_V3_cleaned_yolo,Incorrect Prediction,0.8089
images - 2024-03-16T151048.313_cropped_1.png,martensite_microstructure_img_cropped_v3_manualy_cleaned_yolo,Martensite_microstructure_img_cropped_V3_manualy_cleaned_yolo,Low Confidence,0.6323
images (11)_cropped_0.png,martensite_microstructure_img_cropped_v3_manualy_cleaned_yolo,Martensite_microstructure_img_cropped_V3_manualy_cleaned_yolo,Low Confidence,0.7850
fmats-09-803596-g002_cropped_0.png,martensite_microstructure_img_cropped_v3_manualy_cleaned_yolo,Martensite_microstructure_img_cropped_V3_manualy_cleaned_yolo,Low Confidence,0.6473
images - 2024-03-16T151043.301_cropped_3.png,martensite_microstructure_img_cropped_v3_manualy_cleaned_yolo,pearlite_microstructure_img_cropped_V3_cleaned_yolo,Incorrect Prediction,0.8109
images (9)_cropped_2.png,martensite_microstructure_img_cropped_v3_manualy_cleaned_yolo,pearlite_microstructure_img_cropped_V3_cleaned_yolo,Incorrect Prediction,0.5018
images - 2024-03-16T151051.314_cropped_2.png,martensite_microstructure_img_cropped_v3_manualy_cleaned_yolo,pearlite_microstructure_img_cropped_V3_cleaned_yolo,Incorrect Prediction,0.6353
images - 2024-03-16T151044.698_cropped_0.png,martensite_microstructure_img_cropped_v3_manualy_cleaned_yolo,pearlite_microstructure_img_cropped_V3_cleaned_yolo,Incorrect Prediction,0.5905
images - 2024-03-16T151049.906_cropped_1.png,martensite_microstructure_img_cropped_v3_manualy_cleaned_yolo,pearlite_microstructure_img_cropped_V3_cleaned_yolo,Incorrect Prediction,0.9723
images - 2024-03-16T151050.774_cropped_3.png,martensite_microstructure_img_cropped_v3_manualy_cleaned_yolo,pearlite_microstructure_img_cropped_V3_cleaned_yolo,Incorrect Prediction,0.7218
images - 2024-03-16T151055.858_cropped_1.png,martensite_microstructure_img_cropped_v3_manualy_cleaned_yolo,pearlite_microstructure_img_cropped_V3_cleaned_yolo,Incorrect Prediction,0.7353
images (9)_cropped_0.png,martensite_microstructure_img_cropped_v3_manualy_cleaned_yolo,pearlite_microstructure_img_cropped_V3_cleaned_yolo,Incorrect Prediction,0.9862
images (41)_cropped_2.png,martensite_microstructure_img_cropped_v3_manualy_cleaned_yolo,Martensite_microstructure_img_cropped_V3_manualy_cleaned_yolo,Low Confidence,0.7396
images - 2024-03-16T151043.759_cropped_0.png,martensite_microstructure_img_cropped_v3_manualy_cleaned_yolo,pearlite_microstructure_img_cropped_V3_cleaned_yolo,Incorrect Prediction,0.6343
images - 2024-03-16T151042.128_cropped_4.png,martensite_microstructure_img_cropped_v3_manualy_cleaned_yolo,pearlite_microstructure_img_cropped_V3_cleaned_yolo,Incorrect Prediction,0.5097
images (28)_cropped_2.png,martensite_microstructure_img_cropped_v3_manualy_cleaned_yolo,pearlite_microstructure_img_cropped_V3_cleaned_yolo,Incorrect Prediction,0.7360
images - 2024-03-16T151046.088_cropped_1.png,martensite_microstructure_img_cropped_v3_manualy_cleaned_yolo,Martensite_microstructure_img_cropped_V3_manualy_cleaned_yolo,Low Confidence,0.6303
Sequence-2-Martensitic-microstructure-with-a-larger-amount-of-bainite-and-12-of-retained_cropped_0.png,martensite_microstructure_img_cropped_v3_manualy_cleaned_yolo,pearlite_microstructure_img_cropped_V3_cleaned_yolo,Incorrect Prediction,0.8058
images (62)_cropped_6.png,martensite_microstructure_img_cropped_v3_manualy_cleaned_yolo,pearlite_microstructure_img_cropped_V3_cleaned_yolo,Incorrect Prediction,0.9935
images - 2024-03-16T151044.598_cropped_2.png,martensite_microstructure_img_cropped_v3_manualy_cleaned_yolo,pearlite_microstructure_img_cropped_V3_cleaned_yolo,Incorrect Prediction,0.8707
images - 2024-03-16T151044.059_cropped_2.png,martensite_microstructure_img_cropped_v3_manualy_cleaned_yolo,pearlite_microstructure_img_cropped_V3_cleaned_yolo,Incorrect Prediction,0.6267
images - 2024-03-16T151051.271_cropped_5.png,martensite_microstructure_img_cropped_v3_manualy_cleaned_yolo,Martensite_microstructure_img_cropped_V3_manualy_cleaned_yolo,Low Confidence,0.8350
images - 2024-03-16T151051.954_cropped_2.png,martensite_microstructure_img_cropped_v3_manualy_cleaned_yolo,pearlite_microstructure_img_cropped_V3_cleaned_yolo,Incorrect Prediction,0.9657
images - 2024-03-16T151054.291_cropped_7.png,martensite_microstructure_img_cropped_v3_manualy_cleaned_yolo,Martensite_microstructure_img_cropped_V3_manualy_cleaned_yolo,Low Confidence,0.6597
images - 2024-03-16T151045.766_cropped_5.png,martensite_microstructure_img_cropped_v3_manualy_cleaned_yolo,pearlite_microstructure_img_cropped_V3_cleaned_yolo,Incorrect Prediction,0.8329
images - 2024-03-16T151054.658_cropped_14.png,martensite_microstructure_img_cropped_v3_manualy_cleaned_yolo,Martensite_microstructure_img_cropped_V3_manualy_cleaned_yolo,Low Confidence,0.8311
images (69)_cropped_2.png,martensite_microstructure_img_cropped_v3_manualy_cleaned_yolo,pearlite_microstructure_img_cropped_V3_cleaned_yolo,Incorrect Prediction,0.9626
images - 2024-03-16T151049.121_cropped_3.png,martensite_microstructure_img_cropped_v3_manualy_cleaned_yolo,Martensite_microstructure_img_cropped_V3_manualy_cleaned_yolo,Low Confidence,0.5700
images - 2024-03-16T151047.551_cropped_0.png,martensite_microstructure_img_cropped_v3_manualy_cleaned_yolo,Martensite_microstructure_img_cropped_V3_manualy_cleaned_yolo,Low Confidence,0.5311
images (88)_cropped_2.png,martensite_microstructure_img_cropped_v3_manualy_cleaned_yolo,pearlite_microstructure_img_cropped_V3_cleaned_yolo,Incorrect Prediction,0.7373
images - 2024-03-16T151047.384_cropped_1.png,martensite_microstructure_img_cropped_v3_manualy_cleaned_yolo,pearlite_microstructure_img_cropped_V3_cleaned_yolo,Incorrect Prediction,0.5099
images - 2024-03-16T151047.964_cropped_0.png,martensite_microstructure_img_cropped_v3_manualy_cleaned_yolo,pearlite_microstructure_img_cropped_V3_cleaned_yolo,Incorrect Prediction,0.9091
images - 2024-03-16T151052.052_cropped_7.png,martensite_microstructure_img_cropped_v3_manualy_cleaned_yolo,pearlite_microstructure_img_cropped_V3_cleaned_yolo,Incorrect Prediction,0.9685
images - 2024-03-16T151044.747_cropped_0.png,martensite_microstructure_img_cropped_v3_manualy_cleaned_yolo,pearlite_microstructure_img_cropped_V3_cleaned_yolo,Incorrect Prediction,0.6781
images - 2024-03-16T151052.029_cropped_2.png,martensite_microstructure_img_cropped_v3_manualy_cleaned_yolo,pearlite_microstructure_img_cropped_V3_cleaned_yolo,Incorrect Prediction,0.6368
images - 2024-03-16T151047.052_cropped_10.png,martensite_microstructure_img_cropped_v3_manualy_cleaned_yolo,Martensite_microstructure_img_cropped_V3_manualy_cleaned_yolo,Low Confidence,0.8403
images - 2024-03-16T151050.015_cropped_3.png,martensite_microstructure_img_cropped_v3_manualy_cleaned_yolo,Martensite_microstructure_img_cropped_V3_manualy_cleaned_yolo,Low Confidence,0.5527
images - 2024-03-16T151044.206_cropped_2.png,martensite_microstructure_img_cropped_v3_manualy_cleaned_yolo,Martensite_microstructure_img_cropped_V3_manualy_cleaned_yolo,Low Confidence,0.8437
images - 2024-03-16T151049.978_cropped_2.png,martensite_microstructure_img_cropped_v3_manualy_cleaned_yolo,pearlite_microstructure_img_cropped_V3_cleaned_yolo,Incorrect Prediction,0.7801
images (50)_cropped_10.png,martensite_microstructure_img_cropped_v3_manualy_cleaned_yolo,Martensite_microstructure_img_cropped_V3_manualy_cleaned_yolo,Low Confidence,0.5864
images - 2024-03-16T151043.651_cropped_1.png,martensite_microstructure_img_cropped_v3_manualy_cleaned_yolo,Martensite_microstructure_img_cropped_V3_manualy_cleaned_yolo,Low Confidence,0.7035
images - 2024-03-16T151052.314_cropped_1.png,martensite_microstructure_img_cropped_v3_manualy_cleaned_yolo,pearlite_microstructure_img_cropped_V3_cleaned_yolo,Incorrect Prediction,0.9634
images (83)_cropped_3.png,martensite_microstructure_img_cropped_v3_manualy_cleaned_yolo,pearlite_microstructure_img_cropped_V3_cleaned_yolo,Incorrect Prediction,0.7114
images (69)_cropped_0.png,martensite_microstructure_img_cropped_v3_manualy_cleaned_yolo,pearlite_microstructure_img_cropped_V3_cleaned_yolo,Incorrect Prediction,0.9335
images - 2024-03-16T151055.145_cropped_2.png,martensite_microstructure_img_cropped_v3_manualy_cleaned_yolo,Martensite_microstructure_img_cropped_V3_manualy_cleaned_yolo,Low Confidence,0.5990
images - 2024-03-16T151047.503_cropped_0.png,martensite_microstructure_img_cropped_v3_manualy_cleaned_yolo,Martensite_microstructure_img_cropped_V3_manualy_cleaned_yolo,Low Confidence,0.5915
images - 2024-03-16T151045.016_cropped_2.png,martensite_microstructure_img_cropped_v3_manualy_cleaned_yolo,pearlite_microstructure_img_cropped_V3_cleaned_yolo,Incorrect Prediction,0.5983
images - 2024-03-16T151053.582_cropped_0.png,martensite_microstructure_img_cropped_v3_manualy_cleaned_yolo,Martensite_microstructure_img_cropped_V3_manualy_cleaned_yolo,Low Confidence,0.5377
images (53)_cropped_3.png,martensite_microstructure_img_cropped_v3_manualy_cleaned_yolo,Martensite_microstructure_img_cropped_V3_manualy_cleaned_yolo,Low Confidence,0.7893
images - 2024-03-16T151046.116_cropped_1.png,martensite_microstructure_img_cropped_v3_manualy_cleaned_yolo,pearlite_microstructure_img_cropped_V3_cleaned_yolo,Incorrect Prediction,0.9375
images - 2024-03-16T151043.785_cropped_0.png,martensite_microstructure_img_cropped_v3_manualy_cleaned_yolo,pearlite_microstructure_img_cropped_V3_cleaned_yolo,Incorrect Prediction,0.9747
images - 2024-03-16T151043.862_cropped_1.png,martensite_microstructure_img_cropped_v3_manualy_cleaned_yolo,Martensite_microstructure_img_cropped_V3_manualy_cleaned_yolo,Low Confidence,0.7211
images - 2024-03-16T151054.054_cropped_2.png,martensite_microstructure_img_cropped_v3_manualy_cleaned_yolo,pearlite_microstructure_img_cropped_V3_cleaned_yolo,Incorrect Prediction,0.9281
images - 2024-03-16T151046.329_cropped_3.png,martensite_microstructure_img_cropped_v3_manualy_cleaned_yolo,pearlite_microstructure_img_cropped_V3_cleaned_yolo,Incorrect Prediction,0.7527
images (72)_cropped_0.png,martensite_microstructure_img_cropped_v3_manualy_cleaned_yolo,Martensite_microstructure_img_cropped_V3_manualy_cleaned_yolo,Low Confidence,0.7359
images - 2024-03-16T151047.761_cropped_1.png,martensite_microstructure_img_cropped_v3_manualy_cleaned_yolo,Martensite_microstructure_img_cropped_V3_manualy_cleaned_yolo,Low Confidence,0.7604
images - 2024-03-16T151042.057_cropped_1.png,martensite_microstructure_img_cropped_v3_manualy_cleaned_yolo,pearlite_microstructure_img_cropped_V3_cleaned_yolo,Incorrect Prediction,0.9401
images - 2024-03-16T151044.915_cropped_2.png,martensite_microstructure_img_cropped_v3_manualy_cleaned_yolo,Martensite_microstructure_img_cropped_V3_manualy_cleaned_yolo,Low Confidence,0.8376
images - 2024-03-16T151046.376_cropped_2.png,martensite_microstructure_img_cropped_v3_manualy_cleaned_yolo,pearlite_microstructure_img_cropped_V3_cleaned_yolo,Incorrect Prediction,0.5693
images - 2024-03-16T151047.761_cropped_2.png,martensite_microstructure_img_cropped_v3_manualy_cleaned_yolo,pearlite_microstructure_img_cropped_V3_cleaned_yolo,Incorrect Prediction,0.8951
images - 2024-03-16T151045.674_cropped_2.png,martensite_microstructure_img_cropped_v3_manualy_cleaned_yolo,Martensite_microstructure_img_cropped_V3_manualy_cleaned_yolo,Low Confidence,0.7599
images - 2024-03-16T151044.964_cropped_1.png,martensite_microstructure_img_cropped_v3_manualy_cleaned_yolo,pearlite_microstructure_img_cropped_V3_cleaned_yolo,Incorrect Prediction,0.9767
images - 2024-03-16T151044.359_cropped_0.png,martensite_microstructure_img_cropped_v3_manualy_cleaned_yolo,pearlite_microstructure_img_cropped_V3_cleaned_yolo,Incorrect Prediction,0.7703
images - 2024-03-16T151047.964_cropped_1.png,martensite_microstructure_img_cropped_v3_manualy_cleaned_yolo,pearlite_microstructure_img_cropped_V3_cleaned_yolo,Incorrect Prediction,0.6388
images - 2024-03-16T151047.983_cropped_0.png,martensite_microstructure_img_cropped_v3_manualy_cleaned_yolo,Martensite_microstructure_img_cropped_V3_manualy_cleaned_yolo,Low Confidence,0.5456
images - 2024-03-16T151041.907_cropped_2.png,martensite_microstructure_img_cropped_v3_manualy_cleaned_yolo,Martensite_microstructure_img_cropped_V3_manualy_cleaned_yolo,Low Confidence,0.7516
images - 2024-03-16T151044.747_cropped_2.png,martensite_microstructure_img_cropped_v3_manualy_cleaned_yolo,pearlite_microstructure_img_cropped_V3_cleaned_yolo,Incorrect Prediction,0.8041
images (70)_cropped_4.png,martensite_microstructure_img_cropped_v3_manualy_cleaned_yolo,pearlite_microstructure_img_cropped_V3_cleaned_yolo,Incorrect Prediction,0.6566
images - 2024-03-16T151045.066_cropped_9.png,martensite_microstructure_img_cropped_v3_manualy_cleaned_yolo,Martensite_microstructure_img_cropped_V3_manualy_cleaned_yolo,Low Confidence,0.6616
images - 2024-03-16T151051.807_cropped_1.png,martensite_microstructure_img_cropped_v3_manualy_cleaned_yolo,Martensite_microstructure_img_cropped_V3_manualy_cleaned_yolo,Low Confidence,0.6060
images - 2024-03-16T151048.695_cropped_2.png,martensite_microstructure_img_cropped_v3_manualy_cleaned_yolo,pearlite_microstructure_img_cropped_V3_cleaned_yolo,Incorrect Prediction,0.6090
images - 2024-03-16T151042.253_cropped_0.png,martensite_microstructure_img_cropped_v3_manualy_cleaned_yolo,pearlite_microstructure_img_cropped_V3_cleaned_yolo,Incorrect Prediction,0.9584
images - 2024-03-16T151046.002_cropped_0.png,martensite_microstructure_img_cropped_v3_manualy_cleaned_yolo,pearlite_microstructure_img_cropped_V3_cleaned_yolo,Incorrect Prediction,0.9165
Pocock_optical_cropped_0.png,martensite_microstructure_img_cropped_v3_manualy_cleaned_yolo,Martensite_microstructure_img_cropped_V3_manualy_cleaned_yolo,Low Confidence,0.5673
images - 2024-03-16T151052.518_cropped_0.png,martensite_microstructure_img_cropped_v3_manualy_cleaned_yolo,pearlite_microstructure_img_cropped_V3_cleaned_yolo,Incorrect Prediction,0.7515
images (47)_cropped_1.png,martensite_microstructure_img_cropped_v3_manualy_cleaned_yolo,pearlite_microstructure_img_cropped_V3_cleaned_yolo,Incorrect Prediction,0.6484
images - 2024-03-16T151046.061_cropped_1.png,martensite_microstructure_img_cropped_v3_manualy_cleaned_yolo,Martensite_microstructure_img_cropped_V3_manualy_cleaned_yolo,Low Confidence,0.5918
images - 2024-03-16T151046.509_cropped_5.png,martensite_microstructure_img_cropped_v3_manualy_cleaned_yolo,pearlite_microstructure_img_cropped_V3_cleaned_yolo,Incorrect Prediction,0.8814
images - 2024-03-16T151047.430_cropped_1.png,martensite_microstructure_img_cropped_v3_manualy_cleaned_yolo,pearlite_microstructure_img_cropped_V3_cleaned_yolo,Incorrect Prediction,0.8785
images - 2024-03-16T151047.591_cropped_3.png,martensite_microstructure_img_cropped_v3_manualy_cleaned_yolo,Martensite_microstructure_img_cropped_V3_manualy_cleaned_yolo,Low Confidence,0.5726
images - 2024-03-16T151051.185_cropped_1.png,martensite_microstructure_img_cropped_v3_manualy_cleaned_yolo,pearlite_microstructure_img_cropped_V3_cleaned_yolo,Incorrect Prediction,0.7100
images - 2024-03-16T151046.376_cropped_3.png,martensite_microstructure_img_cropped_v3_manualy_cleaned_yolo,pearlite_microstructure_img_cropped_V3_cleaned_yolo,Incorrect Prediction,0.9454
images - 2024-03-16T151055.045_cropped_3.png,martensite_microstructure_img_cropped_v3_manualy_cleaned_yolo,Martensite_microstructure_img_cropped_V3_manualy_cleaned_yolo,Low Confidence,0.7667
images - 2024-03-16T151043.809_cropped_9.png,martensite_microstructure_img_cropped_v3_manualy_cleaned_yolo,pearlite_microstructure_img_cropped_V3_cleaned_yolo,Incorrect Prediction,0.8407
images_cropped_0.png,martensite_microstructure_img_cropped_v3_manualy_cleaned_yolo,Martensite_microstructure_img_cropped_V3_manualy_cleaned_yolo,Low Confidence,0.7245
images - 2024-03-16T151057.641_cropped_0.png,martensite_microstructure_img_cropped_v3_manualy_cleaned_yolo,pearlite_microstructure_img_cropped_V3_cleaned_yolo,Incorrect Prediction,0.8452
images - 2024-03-15T192750.510_cropped_2.png,pearlite_microstructure_img_cropped_v3_cleaned_yolo,pearlite_microstructure_img_cropped_V3_cleaned_yolo,Low Confidence,0.7802
images - 2024-03-15T192741.249_cropped_3.png,pearlite_microstructure_img_cropped_v3_cleaned_yolo,Martensite_microstructure_img_cropped_V3_manualy_cleaned_yolo,Incorrect Prediction,0.5053
images - 2024-03-15T192740.587_cropped_2.png,pearlite_microstructure_img_cropped_v3_cleaned_yolo,Martensite_microstructure_img_cropped_V3_manualy_cleaned_yolo,Incorrect Prediction,0.8900
images - 2024-03-15T192750.200_cropped_3.png,pearlite_microstructure_img_cropped_v3_cleaned_yolo,pearlite_microstructure_img_cropped_V3_cleaned_yolo,Low Confidence,0.6740
images - 2024-03-15T192749.427_cropped_0.png,pearlite_microstructure_img_cropped_v3_cleaned_yolo,pearlite_microstructure_img_cropped_V3_cleaned_yolo,Low Confidence,0.5926
images - 2024-03-15T192741.318_cropped_2.png,pearlite_microstructure_img_cropped_v3_cleaned_yolo,pearlite_microstructure_img_cropped_V3_cleaned_yolo,Low Confidence,0.7942
images - 2024-03-15T192744.916_cropped_12.png,pearlite_microstructure_img_cropped_v3_cleaned_yolo,pearlite_microstructure_img_cropped_V3_cleaned_yolo,Low Confidence,0.6770
images - 2024-03-15T192752.332_cropped_0.png,pearlite_microstructure_img_cropped_v3_cleaned_yolo,pearlite_microstructure_img_cropped_V3_cleaned_yolo,Low Confidence,0.7212
images - 2024-03-15T192743.044_cropped_4.png,pearlite_microstructure_img_cropped_v3_cleaned_yolo,Martensite_microstructure_img_cropped_V3_manualy_cleaned_yolo,Incorrect Prediction,0.7677
images - 2024-03-15T192743.421_cropped_0.png,pearlite_microstructure_img_cropped_v3_cleaned_yolo,Martensite_microstructure_img_cropped_V3_manualy_cleaned_yolo,Incorrect Prediction,0.8718
images - 2024-03-15T192748.266_cropped_1.png,pearlite_microstructure_img_cropped_v3_cleaned_yolo,pearlite_microstructure_img_cropped_V3_cleaned_yolo,Low Confidence,0.7946
images - 2024-03-15T192746.955_cropped_1.png,pearlite_microstructure_img_cropped_v3_cleaned_yolo,pearlite_microstructure_img_cropped_V3_cleaned_yolo,Low Confidence,0.6861
images - 2024-03-15T192750.510_cropped_3.png,pearlite_microstructure_img_cropped_v3_cleaned_yolo,pearlite_microstructure_img_cropped_V3_cleaned_yolo,Low Confidence,0.7658
images - 2024-03-15T192750.269_cropped_1.png,pearlite_microstructure_img_cropped_v3_cleaned_yolo,pearlite_microstructure_img_cropped_V3_cleaned_yolo,Low Confidence,0.7934
images - 2024-03-15T192743.044_cropped_1.png,pearlite_microstructure_img_cropped_v3_cleaned_yolo,pearlite_microstructure_img_cropped_V3_cleaned_yolo,Low Confidence,0.7354
images - 2024-03-15T192745.478_cropped_4.png,pearlite_microstructure_img_cropped_v3_cleaned_yolo,Martensite_microstructure_img_cropped_V3_manualy_cleaned_yolo,Incorrect Prediction,0.7823
images - 2024-03-15T192747.755_cropped_0.png,pearlite_microstructure_img_cropped_v3_cleaned_yolo,pearlite_microstructure_img_cropped_V3_cleaned_yolo,Low Confidence,0.7978
Initial-a-d-ferrite-pearlite-b-e-bainite-and-c-f-tempered-martensite_cropped_2.png,pearlite_microstructure_img_cropped_v3_cleaned_yolo,Martensite_microstructure_img_cropped_V3_manualy_cleaned_yolo,Incorrect Prediction,0.9490
images - 2024-03-15T192752.463_cropped_0.png,pearlite_microstructure_img_cropped_v3_cleaned_yolo,pearlite_microstructure_img_cropped_V3_cleaned_yolo,Low Confidence,0.7792
images - 2024-03-15T192744.100_cropped_3.png,pearlite_microstructure_img_cropped_v3_cleaned_yolo,pearlite_microstructure_img_cropped_V3_cleaned_yolo,Low Confidence,0.5017
images (12)_cropped_1.png,pearlite_microstructure_img_cropped_v3_cleaned_yolo,pearlite_microstructure_img_cropped_V3_cleaned_yolo,Low Confidence,0.7235
images - 2024-03-15T192745.082_cropped_0.png,pearlite_microstructure_img_cropped_v3_cleaned_yolo,pearlite_microstructure_img_cropped_V3_cleaned_yolo,Low Confidence,0.8358
images - 2024-03-15T192740.225_cropped_3.png,pearlite_microstructure_img_cropped_v3_cleaned_yolo,Martensite_microstructure_img_cropped_V3_manualy_cleaned_yolo,Incorrect Prediction,0.8452
images - 2024-03-15T192746.398_cropped_1.png,pearlite_microstructure_img_cropped_v3_cleaned_yolo,pearlite_microstructure_img_cropped_V3_cleaned_yolo,Low Confidence,0.7179
images - 2024-03-15T192752.714_cropped_0.png,pearlite_microstructure_img_cropped_v3_cleaned_yolo,Martensite_microstructure_img_cropped_V3_manualy_cleaned_yolo,Incorrect Prediction,0.9826
images - 2024-03-15T192740.111_cropped_5.png,pearlite_microstructure_img_cropped_v3_cleaned_yolo,Martensite_microstructure_img_cropped_V3_manualy_cleaned_yolo,Incorrect Prediction,0.9925
images - 2024-03-15T192750.025_cropped_0.png,pearlite_microstructure_img_cropped_v3_cleaned_yolo,Martensite_microstructure_img_cropped_V3_manualy_cleaned_yolo,Incorrect Prediction,0.9154
images - 2024-03-15T192749.967_cropped_1.png,pearlite_microstructure_img_cropped_v3_cleaned_yolo,pearlite_microstructure_img_cropped_V3_cleaned_yolo,Low Confidence,0.5098
images (81)_cropped_0.png,pearlite_microstructure_img_cropped_v3_cleaned_yolo,Martensite_microstructure_img_cropped_V3_manualy_cleaned_yolo,Incorrect Prediction,0.5048
images - 2024-03-15T192750.025_cropped_2.png,pearlite_microstructure_img_cropped_v3_cleaned_yolo,Martensite_microstructure_img_cropped_V3_manualy_cleaned_yolo,Incorrect Prediction,0.9989
images - 2024-03-15T192741.271_cropped_1.png,pearlite_microstructure_img_cropped_v3_cleaned_yolo,Martensite_microstructure_img_cropped_V3_manualy_cleaned_yolo,Incorrect Prediction,0.9543
images - 2024-03-15T192740.111_cropped_0.png,pearlite_microstructure_img_cropped_v3_cleaned_yolo,Martensite_microstructure_img_cropped_V3_manualy_cleaned_yolo,Incorrect Prediction,0.9626
images - 2024-03-15T192738.994_cropped_6.png,pearlite_microstructure_img_cropped_v3_cleaned_yolo,Martensite_microstructure_img_cropped_V3_manualy_cleaned_yolo,Incorrect Prediction,0.7248
images - 2024-03-15T192750.732_cropped_2.png,pearlite_microstructure_img_cropped_v3_cleaned_yolo,Martensite_microstructure_img_cropped_V3_manualy_cleaned_yolo,Incorrect Prediction,0.8004
images - 2024-03-15T192750.549_cropped_1.png,pearlite_microstructure_img_cropped_v3_cleaned_yolo,pearlite_microstructure_img_cropped_V3_cleaned_yolo,Low Confidence,0.5463
Pearlite (1)_cropped_3.png,pearlite_microstructure_img_cropped_v3_cleaned_yolo,Martensite_microstructure_img_cropped_V3_manualy_cleaned_yolo,Incorrect Prediction,0.5149
images (57)_cropped_2.png,pearlite_microstructure_img_cropped_v3_cleaned_yolo,pearlite_microstructure_img_cropped_V3_cleaned_yolo,Low Confidence,0.6519
images (13)_cropped_2.png,pearlite_microstructure_img_cropped_v3_cleaned_yolo,pearlite_microstructure_img_cropped_V3_cleaned_yolo,Low Confidence,0.5911
images - 2024-03-15T192744.916_cropped_1.png,pearlite_microstructure_img_cropped_v3_cleaned_yolo,Martensite_microstructure_img_cropped_V3_manualy_cleaned_yolo,Incorrect Prediction,0.7862
Pearlite_cropped_0.png,pearlite_microstructure_img_cropped_v3_cleaned_yolo,pearlite_microstructure_img_cropped_V3_cleaned_yolo,Low Confidence,0.6741
images - 2024-03-15T192743.356_cropped_6.png,pearlite_microstructure_img_cropped_v3_cleaned_yolo,pearlite_microstructure_img_cropped_V3_cleaned_yolo,Low Confidence,0.5768
images - 2024-03-15T192744.916_cropped_3.png,pearlite_microstructure_img_cropped_v3_cleaned_yolo,pearlite_microstructure_img_cropped_V3_cleaned_yolo,Low Confidence,0.8157
images - 2024-03-15T192752.368_cropped_3.png,pearlite_microstructure_img_cropped_v3_cleaned_yolo,Martensite_microstructure_img_cropped_V3_manualy_cleaned_yolo,Incorrect Prediction,0.5580
images (37)_cropped_3.png,pearlite_microstructure_img_cropped_v3_cleaned_yolo,pearlite_microstructure_img_cropped_V3_cleaned_yolo,Low Confidence,0.7646
images - 2024-03-15T192750.549_cropped_6.png,pearlite_microstructure_img_cropped_v3_cleaned_yolo,Martensite_microstructure_img_cropped_V3_manualy_cleaned_yolo,Incorrect Prediction,0.9120
images - 2024-03-15T192741.998_cropped_0.png,pearlite_microstructure_img_cropped_v3_cleaned_yolo,Martensite_microstructure_img_cropped_V3_manualy_cleaned_yolo,Incorrect Prediction,0.6057
images - 2024-03-15T192741.249_cropped_2.png,pearlite_microstructure_img_cropped_v3_cleaned_yolo,Martensite_microstructure_img_cropped_V3_manualy_cleaned_yolo,Incorrect Prediction,0.7658
images - 2024-03-15T192744.818_cropped_0.png,pearlite_microstructure_img_cropped_v3_cleaned_yolo,pearlite_microstructure_img_cropped_V3_cleaned_yolo,Low Confidence,0.5425
images - 2024-03-15T192747.519_cropped_1.png,pearlite_microstructure_img_cropped_v3_cleaned_yolo,Martensite_microstructure_img_cropped_V3_manualy_cleaned_yolo,Incorrect Prediction,0.9305
11661_2020_5793_Fig4_HTML_cropped_1.png,pearlite_microstructure_img_cropped_v3_cleaned_yolo,pearlite_microstructure_img_cropped_V3_cleaned_yolo,Low Confidence,0.7353
images - 2024-03-15T192746.705_cropped_0.png,pearlite_microstructure_img_cropped_v3_cleaned_yolo,Martensite_microstructure_img_cropped_V3_manualy_cleaned_yolo,Incorrect Prediction,0.7158
images - 2024-03-15T192744.700_cropped_2.png,pearlite_microstructure_img_cropped_v3_cleaned_yolo,Martensite_microstructure_img_cropped_V3_manualy_cleaned_yolo,Incorrect Prediction,0.7477
images - 2024-03-15T192741.041_cropped_1.png,pearlite_microstructure_img_cropped_v3_cleaned_yolo,pearlite_microstructure_img_cropped_V3_cleaned_yolo,Low Confidence,0.7769
images - 2024-03-15T192741.106_cropped_2.png,pearlite_microstructure_img_cropped_v3_cleaned_yolo,pearlite_microstructure_img_cropped_V3_cleaned_yolo,Low Confidence,0.7351
metals-09-00070-g001_cropped_0.png,pearlite_microstructure_img_cropped_v3_cleaned_yolo,Martensite_microstructure_img_cropped_V3_manualy_cleaned_yolo,Incorrect Prediction,0.8427
images - 2024-03-15T192746.955_cropped_8.png,pearlite_microstructure_img_cropped_v3_cleaned_yolo,Martensite_microstructure_img_cropped_V3_manualy_cleaned_yolo,Incorrect Prediction,0.7812
images - 2024-03-15T192750.549_cropped_2.png,pearlite_microstructure_img_cropped_v3_cleaned_yolo,Martensite_microstructure_img_cropped_V3_manualy_cleaned_yolo,Incorrect Prediction,0.6140
images - 2024-03-15T192743.329_cropped_8.png,pearlite_microstructure_img_cropped_v3_cleaned_yolo,pearlite_microstructure_img_cropped_V3_cleaned_yolo,Low Confidence,0.5735
41598_2020_74935_Fig1_HTML (1)_cropped_0.png,pearlite_microstructure_img_cropped_v3_cleaned_yolo,pearlite_microstructure_img_cropped_V3_cleaned_yolo,Low Confidence,0.6999
images - 2024-03-15T192743.485_cropped_0.png,pearlite_microstructure_img_cropped_v3_cleaned_yolo,pearlite_microstructure_img_cropped_V3_cleaned_yolo,Low Confidence,0.6382
images - 2024-03-15T192747.519_cropped_0.png,pearlite_microstructure_img_cropped_v3_cleaned_yolo,Martensite_microstructure_img_cropped_V3_manualy_cleaned_yolo,Incorrect Prediction,0.6604
images - 2024-03-15T192746.398_cropped_0.png,pearlite_microstructure_img_cropped_v3_cleaned_yolo,pearlite_microstructure_img_cropped_V3_cleaned_yolo,Low Confidence,0.5326
images (59)_cropped_1.png,pearlite_microstructure_img_cropped_v3_cleaned_yolo,Martensite_microstructure_img_cropped_V3_manualy_cleaned_yolo,Incorrect Prediction,0.7415
images - 2024-03-15T192750.075_cropped_8.png,pearlite_microstructure_img_cropped_v3_cleaned_yolo,Martensite_microstructure_img_cropped_V3_manualy_cleaned_yolo,Incorrect Prediction,0.9365
images - 2024-03-15T192738.807_cropped_5.png,pearlite_microstructure_img_cropped_v3_cleaned_yolo,pearlite_microstructure_img_cropped_V3_cleaned_yolo,Low Confidence,0.7306
images - 2024-03-15T192743.380_cropped_0.png,pearlite_microstructure_img_cropped_v3_cleaned_yolo,Martensite_microstructure_img_cropped_V3_manualy_cleaned_yolo,Incorrect Prediction,0.8945
images - 2024-03-15T192744.072_cropped_0.png,pearlite_microstructure_img_cropped_v3_cleaned_yolo,pearlite_microstructure_img_cropped_V3_cleaned_yolo,Low Confidence,0.6237
images - 2024-03-15T192740.143_cropped_1.png,pearlite_microstructure_img_cropped_v3_cleaned_yolo,Martensite_microstructure_img_cropped_V3_manualy_cleaned_yolo,Incorrect Prediction,0.7945
images - 2024-03-15T192741.318_cropped_0.png,pearlite_microstructure_img_cropped_v3_cleaned_yolo,pearlite_microstructure_img_cropped_V3_cleaned_yolo,Low Confidence,0.7517
images - 2024-03-15T192750.200_cropped_4.png,pearlite_microstructure_img_cropped_v3_cleaned_yolo,pearlite_microstructure_img_cropped_V3_cleaned_yolo,Low Confidence,0.5705
images - 2024-03-15T192752.782_cropped_0.png,pearlite_microstructure_img_cropped_v3_cleaned_yolo,Martensite_microstructure_img_cropped_V3_manualy_cleaned_yolo,Incorrect Prediction,0.9984
images (59)_cropped_0.png,pearlite_microstructure_img_cropped_v3_cleaned_yolo,Martensite_microstructure_img_cropped_V3_manualy_cleaned_yolo,Incorrect Prediction,0.8344
images - 2024-03-15T192741.630_cropped_0.png,pearlite_microstructure_img_cropped_v3_cleaned_yolo,pearlite_microstructure_img_cropped_V3_cleaned_yolo,Low Confidence,0.6874
images - 2024-03-15T192745.478_cropped_1.png,pearlite_microstructure_img_cropped_v3_cleaned_yolo,Martensite_microstructure_img_cropped_V3_manualy_cleaned_yolo,Incorrect Prediction,0.8362
images - 2024-03-15T192742.024_cropped_0.png,pearlite_microstructure_img_cropped_v3_cleaned_yolo,pearlite_microstructure_img_cropped_V3_cleaned_yolo,Low Confidence,0.6919
images - 2024-03-15T192744.721_cropped_2.png,pearlite_microstructure_img_cropped_v3_cleaned_yolo,pearlite_microstructure_img_cropped_V3_cleaned_yolo,Low Confidence,0.5689
images - 2024-03-15T192742.868_cropped_0.png,pearlite_microstructure_img_cropped_v3_cleaned_yolo,Martensite_microstructure_img_cropped_V3_manualy_cleaned_yolo,Incorrect Prediction,0.9978
11015_2012_9619_Fig2_HTML_cropped_0.png,pearlite_microstructure_img_cropped_v3_cleaned_yolo,pearlite_microstructure_img_cropped_V3_cleaned_yolo,Low Confidence,0.8304
images - 2024-03-15T192747.519_cropped_2.png,pearlite_microstructure_img_cropped_v3_cleaned_yolo,pearlite_microstructure_img_cropped_V3_cleaned_yolo,Low Confidence,0.7842
download (18)_cropped_0.png,pearlite_microstructure_img_cropped_v3_cleaned_yolo,Martensite_microstructure_img_cropped_V3_manualy_cleaned_yolo,Incorrect Prediction,0.9104
images - 2024-03-15T192743.421_cropped_4.png,pearlite_microstructure_img_cropped_v3_cleaned_yolo,Martensite_microstructure_img_cropped_V3_manualy_cleaned_yolo,Incorrect Prediction,0.5577
images - 2024-03-15T192752.383_cropped_3.png,pearlite_microstructure_img_cropped_v3_cleaned_yolo,Martensite_microstructure_img_cropped_V3_manualy_cleaned_yolo,Incorrect Prediction,0.5528
images - 2024-03-15T192744.100_cropped_2.png,pearlite_microstructure_img_cropped_v3_cleaned_yolo,Martensite_microstructure_img_cropped_V3_manualy_cleaned_yolo,Incorrect Prediction,0.9826
images - 2024-03-15T192738.682_cropped_1.png,pearlite_microstructure_img_cropped_v3_cleaned_yolo,Martensite_microstructure_img_cropped_V3_manualy_cleaned_yolo,Incorrect Prediction,0.9558
images - 2024-03-15T192744.916_cropped_2.png,pearlite_microstructure_img_cropped_v3_cleaned_yolo,Martensite_microstructure_img_cropped_V3_manualy_cleaned_yolo,Incorrect Prediction,0.9712
images - 2024-03-15T192752.368_cropped_0.png,pearlite_microstructure_img_cropped_v3_cleaned_yolo,Martensite_microstructure_img_cropped_V3_manualy_cleaned_yolo,Incorrect Prediction,0.9653
images - 2024-03-15T192746.998_cropped_0.png,pearlite_microstructure_img_cropped_v3_cleaned_yolo,Martensite_microstructure_img_cropped_V3_manualy_cleaned_yolo,Incorrect Prediction,0.8998
images (52)_cropped_0.png,pearlite_microstructure_img_cropped_v3_cleaned_yolo,Martensite_microstructure_img_cropped_V3_manualy_cleaned_yolo,Incorrect Prediction,0.9052
Figure_susb_13_01_04_F6 (1)_cropped_3.png,pearlite_microstructure_img_cropped_v3_cleaned_yolo,pearlite_microstructure_img_cropped_V3_cleaned_yolo,Low Confidence,0.6798
images - 2024-03-15T192752.427_cropped_0.png,pearlite_microstructure_img_cropped_v3_cleaned_yolo,Martensite_microstructure_img_cropped_V3_manualy_cleaned_yolo,Incorrect Prediction,0.8576
images - 2024-03-15T192740.587_cropped_0.png,pearlite_microstructure_img_cropped_v3_cleaned_yolo,pearlite_microstructure_img_cropped_V3_cleaned_yolo,Low Confidence,0.8237
images (11)_cropped_0.png,pearlite_microstructure_img_cropped_v3_cleaned_yolo,pearlite_microstructure_img_cropped_V3_cleaned_yolo,Low Confidence,0.7598
images (46)_cropped_1.png,pearlite_microstructure_img_cropped_v3_cleaned_yolo,pearlite_microstructure_img_cropped_V3_cleaned_yolo,Low Confidence,0.7702
download (13)_cropped_2.png,pearlite_microstructure_img_cropped_v3_cleaned_yolo,Martensite_microstructure_img_cropped_V3_manualy_cleaned_yolo,Incorrect Prediction,0.8758
images - 2024-03-15T192738.479_cropped_1.png,pearlite_microstructure_img_cropped_v3_cleaned_yolo,Martensite_microstructure_img_cropped_V3_manualy_cleaned_yolo,Incorrect Prediction,0.7534
images - 2024-03-15T192741.249_cropped_4.png,pearlite_microstructure_img_cropped_v3_cleaned_yolo,Martensite_microstructure_img_cropped_V3_manualy_cleaned_yolo,Incorrect Prediction,0.5526
images - 2024-03-15T192750.363_cropped_0.png,pearlite_microstructure_img_cropped_v3_cleaned_yolo,Martensite_microstructure_img_cropped_V3_manualy_cleaned_yolo,Incorrect Prediction,0.5714
images - 2024-03-15T192752.351_cropped_1.png,pearlite_microstructure_img_cropped_v3_cleaned_yolo,Martensite_microstructure_img_cropped_V3_manualy_cleaned_yolo,Incorrect Prediction,0.9829
images - 2024-03-15T192746.346_cropped_1.png,pearlite_microstructure_img_cropped_v3_cleaned_yolo,Martensite_microstructure_img_cropped_V3_manualy_cleaned_yolo,Incorrect Prediction,0.9877
images - 2024-03-15T192750.363_cropped_1.png,pearlite_microstructure_img_cropped_v3_cleaned_yolo,Martensite_microstructure_img_cropped_V3_manualy_cleaned_yolo,Incorrect Prediction,0.8290
images - 2024-03-15T192745.857_cropped_1.png,pearlite_microstructure_img_cropped_v3_cleaned_yolo,pearlite_microstructure_img_cropped_V3_cleaned_yolo,Low Confidence,0.8397
images - 2024-03-15T192751.162_cropped_0.png,pearlite_microstructure_img_cropped_v3_cleaned_yolo,Martensite_microstructure_img_cropped_V3_manualy_cleaned_yolo,Incorrect Prediction,0.9757
download (6)_cropped_2.png,pearlite_microstructure_img_cropped_v3_cleaned_yolo,Martensite_microstructure_img_cropped_V3_manualy_cleaned_yolo,Incorrect Prediction,0.9949
images - 2024-03-15T192747.116_cropped_1.png,pearlite_microstructure_img_cropped_v3_cleaned_yolo,pearlite_microstructure_img_cropped_V3_cleaned_yolo,Low Confidence,0.6817
images - 2024-03-15T192738.994_cropped_4.png,pearlite_microstructure_img_cropped_v3_cleaned_yolo,Martensite_microstructure_img_cropped_V3_manualy_cleaned_yolo,Incorrect Prediction,0.8415
images - 2024-03-15T192744.611_cropped_3.png,pearlite_microstructure_img_cropped_v3_cleaned_yolo,pearlite_microstructure_img_cropped_V3_cleaned_yolo,Low Confidence,0.5877
11661_2018_4796_Fig3_HTML_cropped_3.png,pearlite_microstructure_img_cropped_v3_cleaned_yolo,pearlite_microstructure_img_cropped_V3_cleaned_yolo,Low Confidence,0.6832
3-Figure6-1 (1)_cropped_0.png,pearlite_microstructure_img_cropped_v3_cleaned_yolo,Martensite_microstructure_img_cropped_V3_manualy_cleaned_yolo,Incorrect Prediction,0.8960
images - 2024-03-15T192743.227_cropped_0.png,pearlite_microstructure_img_cropped_v3_cleaned_yolo,Martensite_microstructure_img_cropped_V3_manualy_cleaned_yolo,Incorrect Prediction,0.8982
images - 2024-03-15T192741.400_cropped_0.png,pearlite_microstructure_img_cropped_v3_cleaned_yolo,pearlite_microstructure_img_cropped_V3_cleaned_yolo,Low Confidence,0.7890
images - 2024-03-15T192750.607_cropped_1.png,pearlite_microstructure_img_cropped_v3_cleaned_yolo,pearlite_microstructure_img_cropped_V3_cleaned_yolo,Low Confidence,0.5569
images - 2024-03-15T192750.434_cropped_0.png,pearlite_microstructure_img_cropped_v3_cleaned_yolo,pearlite_microstructure_img_cropped_V3_cleaned_yolo,Low Confidence,0.8282
images - 2024-03-15T192738.500_cropped_0.png,pearlite_microstructure_img_cropped_v3_cleaned_yolo,pearlite_microstructure_img_cropped_V3_cleaned_yolo,Low Confidence,0.8304
3-Figure6-1 (1)_cropped_1.png,pearlite_microstructure_img_cropped_v3_cleaned_yolo,Martensite_microstructure_img_cropped_V3_manualy_cleaned_yolo,Incorrect Prediction,0.9522
images - 2024-03-15T192746.467_cropped_0.png,pearlite_microstructure_img_cropped_v3_cleaned_yolo,pearlite_microstructure_img_cropped_V3_cleaned_yolo,Low Confidence,0.7916
images - 2024-03-15T192744.072_cropped_2.png,pearlite_microstructure_img_cropped_v3_cleaned_yolo,pearlite_microstructure_img_cropped_V3_cleaned_yolo,Low Confidence,0.7314
images - 2024-03-15T192740.225_cropped_2.png,pearlite_microstructure_img_cropped_v3_cleaned_yolo,pearlite_microstructure_img_cropped_V3_cleaned_yolo,Low Confidence,0.5978
images - 2024-03-15T192747.097_cropped_0.png,pearlite_microstructure_img_cropped_v3_cleaned_yolo,Martensite_microstructure_img_cropped_V3_manualy_cleaned_yolo,Incorrect Prediction,0.9554
images - 2024-03-15T192749.427_cropped_2.png,pearlite_microstructure_img_cropped_v3_cleaned_yolo,Martensite_microstructure_img_cropped_V3_manualy_cleaned_yolo,Incorrect Prediction,0.6998
images - 2024-03-15T192747.366_cropped_2.png,pearlite_microstructure_img_cropped_v3_cleaned_yolo,pearlite_microstructure_img_cropped_V3_cleaned_yolo,Low Confidence,0.6331
download (6)_cropped_1.png,pearlite_microstructure_img_cropped_v3_cleaned_yolo,Martensite_microstructure_img_cropped_V3_manualy_cleaned_yolo,Incorrect Prediction,0.9592
images (93)_cropped_0.png,pearlite_microstructure_img_cropped_v3_cleaned_yolo,Martensite_microstructure_img_cropped_V3_manualy_cleaned_yolo,Incorrect Prediction,0.7359
images - 2024-03-15T192746.321_cropped_5.png,pearlite_microstructure_img_cropped_v3_cleaned_yolo,Martensite_microstructure_img_cropped_V3_manualy_cleaned_yolo,Incorrect Prediction,0.9882
images - 2024-03-15T192749.083_cropped_0.png,pearlite_microstructure_img_cropped_v3_cleaned_yolo,Martensite_microstructure_img_cropped_V3_manualy_cleaned_yolo,Incorrect Prediction,0.9509
images (37)_cropped_1.png,pearlite_microstructure_img_cropped_v3_cleaned_yolo,pearlite_microstructure_img_cropped_V3_cleaned_yolo,Low Confidence,0.7559
download (13)_cropped_0.png,pearlite_microstructure_img_cropped_v3_cleaned_yolo,Martensite_microstructure_img_cropped_V3_manualy_cleaned_yolo,Incorrect Prediction,0.7996
images - 2024-03-15T192740.127_cropped_0.png,pearlite_microstructure_img_cropped_v3_cleaned_yolo,pearlite_microstructure_img_cropped_V3_cleaned_yolo,Low Confidence,0.8435
images - 2024-03-15T192750.200_cropped_1.png,pearlite_microstructure_img_cropped_v3_cleaned_yolo,Martensite_microstructure_img_cropped_V3_manualy_cleaned_yolo,Incorrect Prediction,0.9333
images - 2024-03-15T192750.549_cropped_4.png,pearlite_microstructure_img_cropped_v3_cleaned_yolo,Martensite_microstructure_img_cropped_V3_manualy_cleaned_yolo,Incorrect Prediction,0.5132
images - 2024-03-15T192738.807_cropped_4.png,pearlite_microstructure_img_cropped_v3_cleaned_yolo,pearlite_microstructure_img_cropped_V3_cleaned_yolo,Low Confidence,0.6022
images - 2024-03-15T192747.492_cropped_3.png,pearlite_microstructure_img_cropped_v3_cleaned_yolo,pearlite_microstructure_img_cropped_V3_cleaned_yolo,Low Confidence,0.6160
images - 2024-03-15T192746.137_cropped_0.png,pearlite_microstructure_img_cropped_v3_cleaned_yolo,pearlite_microstructure_img_cropped_V3_cleaned_yolo,Low Confidence,0.8150
images - 2024-03-15T192750.783_cropped_1.png,pearlite_microstructure_img_cropped_v3_cleaned_yolo,pearlite_microstructure_img_cropped_V3_cleaned_yolo,Low Confidence,0.7686
images - 2024-03-15T192741.318_cropped_3.png,pearlite_microstructure_img_cropped_v3_cleaned_yolo,pearlite_microstructure_img_cropped_V3_cleaned_yolo,Low Confidence,0.8259
images (86)_cropped_3.png,pearlite_microstructure_img_cropped_v3_cleaned_yolo,pearlite_microstructure_img_cropped_V3_cleaned_yolo,Low Confidence,0.6733
images - 2024-03-15T192740.587_cropped_1.png,pearlite_microstructure_img_cropped_v3_cleaned_yolo,Martensite_microstructure_img_cropped_V3_manualy_cleaned_yolo,Incorrect Prediction,0.7253
main-qimg-381191d092c308be33c5dfca1034fea4_cropped_0.png,pearlite_microstructure_img_cropped_v3_cleaned_yolo,pearlite_microstructure_img_cropped_V3_cleaned_yolo,Low Confidence,0.5245
images - 2024-03-15T192744.916_cropped_5.png,pearlite_microstructure_img_cropped_v3_cleaned_yolo,pearlite_microstructure_img_cropped_V3_cleaned_yolo,Low Confidence,0.8121
images - 2024-03-15T192746.224_cropped_2.png,pearlite_microstructure_img_cropped_v3_cleaned_yolo,pearlite_microstructure_img_cropped_V3_cleaned_yolo,Low Confidence,0.5523
images - 2024-03-15T192744.763_cropped_0.png,pearlite_microstructure_img_cropped_v3_cleaned_yolo,pearlite_microstructure_img_cropped_V3_cleaned_yolo,Low Confidence,0.7597
images (53)_cropped_1.png,pearlite_microstructure_img_cropped_v3_cleaned_yolo,pearlite_microstructure_img_cropped_V3_cleaned_yolo,Low Confidence,0.7998
images - 2024-03-15T192743.693_cropped_3.png,pearlite_microstructure_img_cropped_v3_cleaned_yolo,Martensite_microstructure_img_cropped_V3_manualy_cleaned_yolo,Incorrect Prediction,0.9215
images - 2024-03-15T192745.041_cropped_0.png,pearlite_microstructure_img_cropped_v3_cleaned_yolo,Martensite_microstructure_img_cropped_V3_manualy_cleaned_yolo,Incorrect Prediction,0.8840
images (24)_cropped_0.png,pearlite_microstructure_img_cropped_v3_cleaned_yolo,Martensite_microstructure_img_cropped_V3_manualy_cleaned_yolo,Incorrect Prediction,0.5142
images - 2024-03-15T192747.492_cropped_1.png,pearlite_microstructure_img_cropped_v3_cleaned_yolo,pearlite_microstructure_img_cropped_V3_cleaned_yolo,Low Confidence,0.6032
images - 2024-03-15T192750.025_cropped_4.png,pearlite_microstructure_img_cropped_v3_cleaned_yolo,Martensite_microstructure_img_cropped_V3_manualy_cleaned_yolo,Incorrect Prediction,0.7944
download (10)_cropped_3.png,pearlite_microstructure_img_cropped_v3_cleaned_yolo,Martensite_microstructure_img_cropped_V3_manualy_cleaned_yolo,Incorrect Prediction,0.6789
images - 2024-03-15T192744.916_cropped_0.png,pearlite_microstructure_img_cropped_v3_cleaned_yolo,Martensite_microstructure_img_cropped_V3_manualy_cleaned_yolo,Incorrect Prediction,0.6309
images - 2024-03-15T192740.067_cropped_0.png,pearlite_microstructure_img_cropped_v3_cleaned_yolo,pearlite_microstructure_img_cropped_V3_cleaned_yolo,Low Confidence,0.6065
images - 2024-03-15T192752.368_cropped_1.png,pearlite_microstructure_img_cropped_v3_cleaned_yolo,Martensite_microstructure_img_cropped_V3_manualy_cleaned_yolo,Incorrect Prediction,0.6129
images - 2024-03-15T192741.573_cropped_0.png,pearlite_microstructure_img_cropped_v3_cleaned_yolo,pearlite_microstructure_img_cropped_V3_cleaned_yolo,Low Confidence,0.7422
images - 2024-03-15T192752.833_cropped_0.png,pearlite_microstructure_img_cropped_v3_cleaned_yolo,Martensite_microstructure_img_cropped_V3_manualy_cleaned_yolo,Incorrect Prediction,0.8431
images - 2024-03-15T192741.776_cropped_5.png,pearlite_microstructure_img_cropped_v3_cleaned_yolo,Martensite_microstructure_img_cropped_V3_manualy_cleaned_yolo,Incorrect Prediction,0.5957
images - 2024-03-15T192744.818_cropped_2.png,pearlite_microstructure_img_cropped_v3_cleaned_yolo,pearlite_microstructure_img_cropped_V3_cleaned_yolo,Low Confidence,0.8147
images - 2024-03-15T192747.133_cropped_0.png,pearlite_microstructure_img_cropped_v3_cleaned_yolo,Martensite_microstructure_img_cropped_V3_manualy_cleaned_yolo,Incorrect Prediction,0.7186
images - 2024-03-15T192743.356_cropped_5.png,pearlite_microstructure_img_cropped_v3_cleaned_yolo,Martensite_microstructure_img_cropped_V3_manualy_cleaned_yolo,Incorrect Prediction,0.5684
images (29)_cropped_0.png,pearlite_microstructure_img_cropped_v3_cleaned_yolo,pearlite_microstructure_img_cropped_V3_cleaned_yolo,Low Confidence,0.6280
images - 2024-03-15T192741.271_cropped_2.png,pearlite_microstructure_img_cropped_v3_cleaned_yolo,pearlite_microstructure_img_cropped_V3_cleaned_yolo,Low Confidence,0.8014
images - 2024-03-15T192744.072_cropped_3.png,pearlite_microstructure_img_cropped_v3_cleaned_yolo,pearlite_microstructure_img_cropped_V3_cleaned_yolo,Low Confidence,0.7343
3-s2.0-B9781845699703500088-f08-01-9781845699703_cropped_0.png,pearlite_microstructure_img_cropped_v3_cleaned_yolo,pearlite_microstructure_img_cropped_V3_cleaned_yolo,Low Confidence,0.8082
download (15)_cropped_0.png,pearlite_microstructure_img_cropped_v3_cleaned_yolo,pearlite_microstructure_img_cropped_V3_cleaned_yolo,Low Confidence,0.7984
images - 2024-03-15T192745.041_cropped_3.png,pearlite_microstructure_img_cropped_v3_cleaned_yolo,pearlite_microstructure_img_cropped_V3_cleaned_yolo,Low Confidence,0.7980
images - 2024-03-15T192745.857_cropped_0.png,pearlite_microstructure_img_cropped_v3_cleaned_yolo,pearlite_microstructure_img_cropped_V3_cleaned_yolo,Low Confidence,0.5410
images - 2024-03-15T192748.891_cropped_0.png,pearlite_microstructure_img_cropped_v3_cleaned_yolo,Martensite_microstructure_img_cropped_V3_manualy_cleaned_yolo,Incorrect Prediction,0.8381
images - 2024-03-15T192747.313_cropped_1.png,pearlite_microstructure_img_cropped_v3_cleaned_yolo,Martensite_microstructure_img_cropped_V3_manualy_cleaned_yolo,Incorrect Prediction,0.9903
images - 2024-03-15T192750.819_cropped_0.png,pearlite_microstructure_img_cropped_v3_cleaned_yolo,pearlite_microstructure_img_cropped_V3_cleaned_yolo,Low Confidence,0.7976
images (37)_cropped_2.png,pearlite_microstructure_img_cropped_v3_cleaned_yolo,pearlite_microstructure_img_cropped_V3_cleaned_yolo,Low Confidence,0.7546
images - 2024-03-15T192743.356_cropped_4.png,pearlite_microstructure_img_cropped_v3_cleaned_yolo,Martensite_microstructure_img_cropped_V3_manualy_cleaned_yolo,Incorrect Prediction,0.8516
images - 2024-03-15T192743.157_cropped_0.png,pearlite_microstructure_img_cropped_v3_cleaned_yolo,Martensite_microstructure_img_cropped_V3_manualy_cleaned_yolo,Incorrect Prediction,0.9947
metals-13-01896-g003_cropped_1.png,pearlite_microstructure_img_cropped_v3_cleaned_yolo,Martensite_microstructure_img_cropped_V3_manualy_cleaned_yolo,Incorrect Prediction,0.7261
images - 2024-03-15T192745.041_cropped_2.png,pearlite_microstructure_img_cropped_v3_cleaned_yolo,Martensite_microstructure_img_cropped_V3_manualy_cleaned_yolo,Incorrect Prediction,0.6956
images - 2024-03-15T192746.810_cropped_3.png,pearlite_microstructure_img_cropped_v3_cleaned_yolo,pearlite_microstructure_img_cropped_V3_cleaned_yolo,Low Confidence,0.5564
images - 2024-03-15T192739.208_cropped_1.png,pearlite_microstructure_img_cropped_v3_cleaned_yolo,pearlite_microstructure_img_cropped_V3_cleaned_yolo,Low Confidence,0.7342
images (8)_cropped_0.png,pearlite_microstructure_img_cropped_v3_cleaned_yolo,Martensite_microstructure_img_cropped_V3_manualy_cleaned_yolo,Incorrect Prediction,0.6935
images - 2024-03-15T192744.136_cropped_0.png,pearlite_microstructure_img_cropped_v3_cleaned_yolo,Martensite_microstructure_img_cropped_V3_manualy_cleaned_yolo,Incorrect Prediction,0.8979
images - 2024-03-15T192746.955_cropped_6.png,pearlite_microstructure_img_cropped_v3_cleaned_yolo,Martensite_microstructure_img_cropped_V3_manualy_cleaned_yolo,Incorrect Prediction,0.9874
images - 2024-03-15T192744.916_cropped_4.png,pearlite_microstructure_img_cropped_v3_cleaned_yolo,Martensite_microstructure_img_cropped_V3_manualy_cleaned_yolo,Incorrect Prediction,0.6542
images - 2024-03-15T192752.765_cropped_0.png,pearlite_microstructure_img_cropped_v3_cleaned_yolo,pearlite_microstructure_img_cropped_V3_cleaned_yolo,Low Confidence,0.7015
images (53)_cropped_0.png,pearlite_microstructure_img_cropped_v3_cleaned_yolo,pearlite_microstructure_img_cropped_V3_cleaned_yolo,Low Confidence,0.7958
images - 2024-03-15T192741.630_cropped_3.png,pearlite_microstructure_img_cropped_v3_cleaned_yolo,pearlite_microstructure_img_cropped_V3_cleaned_yolo,Low Confidence,0.7379
images - 2024-03-15T192747.344_cropped_0.png,pearlite_microstructure_img_cropped_v3_cleaned_yolo,Martensite_microstructure_img_cropped_V3_manualy_cleaned_yolo,Incorrect Prediction,0.6022
images - 2024-03-15T192746.321_cropped_0.png,pearlite_microstructure_img_cropped_v3_cleaned_yolo,Martensite_microstructure_img_cropped_V3_manualy_cleaned_yolo,Incorrect Prediction,0.8010
images - 2024-03-15T192745.566_cropped_1.png,pearlite_microstructure_img_cropped_v3_cleaned_yolo,pearlite_microstructure_img_cropped_V3_cleaned_yolo,Low Confidence,0.8396
images - 2024-03-15T192749.313_cropped_0.png,pearlite_microstructure_img_cropped_v3_cleaned_yolo,pearlite_microstructure_img_cropped_V3_cleaned_yolo,Low Confidence,0.7798
images - 2024-03-15T192746.955_cropped_4.png,pearlite_microstructure_img_cropped_v3_cleaned_yolo,Martensite_microstructure_img_cropped_V3_manualy_cleaned_yolo,Incorrect Prediction,0.7283
images - 2024-03-15T192750.549_cropped_9.png,pearlite_microstructure_img_cropped_v3_cleaned_yolo,pearlite_microstructure_img_cropped_V3_cleaned_yolo,Low Confidence,0.7702
images - 2024-03-15T192746.810_cropped_0.png,pearlite_microstructure_img_cropped_v3_cleaned_yolo,pearlite_microstructure_img_cropped_V3_cleaned_yolo,Low Confidence,0.6999
images - 2024-03-15T192742.247_cropped_0.png,pearlite_microstructure_img_cropped_v3_cleaned_yolo,Martensite_microstructure_img_cropped_V3_manualy_cleaned_yolo,Incorrect Prediction,0.8675
images (81)_cropped_4.png,pearlite_microstructure_img_cropped_v3_cleaned_yolo,Martensite_microstructure_img_cropped_V3_manualy_cleaned_yolo,Incorrect Prediction,0.6018
images - 2024-03-15T192744.700_cropped_0.png,pearlite_microstructure_img_cropped_v3_cleaned_yolo,Martensite_microstructure_img_cropped_V3_manualy_cleaned_yolo,Incorrect Prediction,0.9213
images - 2024-03-15T192740.111_cropped_4.png,pearlite_microstructure_img_cropped_v3_cleaned_yolo,Martensite_microstructure_img_cropped_V3_manualy_cleaned_yolo,Incorrect Prediction,0.8810
